"id";"fecha";"core_empresa_id";"core_tercero_id";"codigo_referencia_tercero";"core_tipo_transaccion_id";"core_tipo_doc_app_id";"consecutivo";"teso_motivo_id";"teso_caja_id";"teso_cuenta_bancaria_id";"valor_movimiento";"documento_soporte";"descripcion";"estado";"creado_por";"modificado_por";"created_at";"updated_at"
"86948";"2021-06-02";"1";"24";;"47";"18";"80627";"1";"2";"0";"16150";;;"Activo";"yeselith.almanza@avipoulet.com";;"2021-06-02 12:56:35";"2021-06-02 12:56:35"
"86949";"2021-06-02";"1";"24";;"47";"18";"80628";"1";"2";"0";"7085";;;"Activo";"yeselith.almanza@avipoulet.com";;"2021-06-02 12:56:35";"2021-06-02 12:56:35"
"86950";"2021-06-02";"1";"24";;"47";"18";"80629";"1";"2";"0";"6870";;;"Activo";"yeselith.almanza@avipoulet.com";;"2021-06-02 12:56:35";"2021-06-02 12:56:35"
"86951";"2021-06-02";"1";"24";;"47";"18";"80630";"1";"2";"0";"5800";;;"Activo";"yeselith.almanza@avipoulet.com";;"2021-06-02 12:56:36";"2021-06-02 12:56:36"
"86952";"2021-06-02";"1";"24";;"47";"18";"80631";"1";"2";"0";"19195";;;"Activo";"yeselith.almanza@avipoulet.com";;"2021-06-02 12:56:36";"2021-06-02 12:56:36"
"86953";"2021-06-02";"1";"24";;"47";"18";"80632";"1";"2";"0";"13828";;;"Activo";"yeselith.almanza@avipoulet.com";;"2021-06-02 12:56:36";"2021-06-02 12:56:36"
"86954";"2021-06-02";"1";"24";;"47";"18";"80633";"1";"2";"0";"20568";;;"Activo";"yeselith.almanza@avipoulet.com";;"2021-06-02 12:56:36";"2021-06-02 12:56:36"
"86955";"2021-06-02";"1";"24";;"47";"18";"80634";"1";"2";"0";"40143";;"Yuli";"Activo";"yeselith.almanza@avipoulet.com";;"2021-06-02 12:56:37";"2021-06-02 12:56:37"
"86956";"2021-06-02";"1";"24";;"47";"18";"80635";"1";"2";"0";"35044";;"suegro";"Activo";"yeselith.almanza@avipoulet.com";;"2021-06-02 12:56:37";"2021-06-02 12:56:37"
"86957";"2021-06-02";"1";"1191";;"47";"18";"80636";"1";"2";"0";"48430";;;"Activo";"yeselith.almanza@avipoulet.com";;"2021-06-02 12:56:37";"2021-06-02 12:56:37"
"86958";"2021-06-02";"1";"24";;"47";"18";"80637";"1";"2";"0";"36242";;;"Activo";"yeselith.almanza@avipoulet.com";;"2021-06-02 12:56:37";"2021-06-02 12:56:37"
"86959";"2021-06-02";"1";"24";;"47";"18";"80638";"1";"2";"0";"7980";;;"Activo";"yeselith.almanza@avipoulet.com";;"2021-06-02 12:56:38";"2021-06-02 12:56:38"
"86960";"2021-06-02";"1";"24";;"47";"18";"80639";"1";"2";"0";"59930";;;"Activo";"yeselith.almanza@avipoulet.com";;"2021-06-02 12:56:38";"2021-06-02 12:56:38"
"86961";"2021-06-02";"1";"24";;"47";"18";"80640";"1";"2";"0";"34948";;;"Activo";"yeselith.almanza@avipoulet.com";;"2021-06-02 12:56:38";"2021-06-02 12:56:38"
"86962";"2021-06-02";"1";"24";;"47";"18";"80641";"1";"2";"0";"50680";;"sñr alcides";"Activo";"yeselith.almanza@avipoulet.com";;"2021-06-02 12:56:38";"2021-06-02 12:56:38"
"86963";"2021-06-02";"1";"24";;"47";"18";"80642";"1";"2";"0";"37000";;;"Activo";"yeselith.almanza@avipoulet.com";"yeselith.almanza@avipoulet.com";"2021-06-02 12:56:39";"2021-06-02 12:56:39"
"86964";"2021-06-02";"1";"24";;"47";"18";"80643";"1";"2";"0";"20485";;;"Activo";"yeselith.almanza@avipoulet.com";;"2021-06-02 12:56:39";"2021-06-02 12:56:39"
"86965";"2021-06-02";"1";"24";;"47";"18";"80644";"1";"2";"0";"12926";;;"Activo";"yeselith.almanza@avipoulet.com";;"2021-06-02 12:56:39";"2021-06-02 12:56:39"
"86966";"2021-06-02";"1";"24";;"47";"18";"80645";"1";"2";"0";"3500";;;"Activo";"yeselith.almanza@avipoulet.com";;"2021-06-02 12:56:39";"2021-06-02 12:56:39"
"86967";"2021-06-02";"1";"24";;"47";"18";"80646";"1";"2";"0";"72811";;;"Activo";"yeselith.almanza@avipoulet.com";;"2021-06-02 12:56:40";"2021-06-02 12:56:40"
"86968";"2021-06-02";"1";"24";;"47";"18";"80647";"1";"2";"0";"14420";;;"Activo";"yeselith.almanza@avipoulet.com";;"2021-06-02 12:56:40";"2021-06-02 12:56:40"
"86969";"2021-06-02";"1";"24";;"47";"18";"80648";"1";"2";"0";"49960";;;"Activo";"yeselith.almanza@avipoulet.com";;"2021-06-02 12:56:40";"2021-06-02 12:56:40"
"86970";"2021-06-02";"1";"24";;"47";"18";"80649";"1";"2";"0";"9919";;;"Activo";"yeselith.almanza@avipoulet.com";;"2021-06-02 12:56:40";"2021-06-02 12:56:40"
"86971";"2021-06-02";"1";"24";;"47";"18";"80650";"1";"2";"0";"6160";;;"Activo";"yeselith.almanza@avipoulet.com";;"2021-06-02 12:56:40";"2021-06-02 12:56:40"
"86972";"2021-06-02";"1";"24";;"47";"18";"80651";"1";"2";"0";"17338";;;"Activo";"yeselith.almanza@avipoulet.com";;"2021-06-02 12:56:41";"2021-06-02 12:56:41"
"86973";"2021-06-02";"1";"24";;"47";"18";"80652";"1";"2";"0";"31400";;;"Activo";"yeselith.almanza@avipoulet.com";;"2021-06-02 12:56:41";"2021-06-02 12:56:41"
"86974";"2021-06-02";"1";"24";;"47";"18";"80653";"1";"2";"0";"20334";;;"Activo";"yeselith.almanza@avipoulet.com";;"2021-06-02 12:56:41";"2021-06-02 12:56:41"
"86975";"2021-06-02";"1";"24";;"47";"18";"80654";"1";"2";"0";"21280";;;"Activo";"yeselith.almanza@avipoulet.com";;"2021-06-02 12:56:41";"2021-06-02 12:56:41"
"86976";"2021-06-02";"1";"24";;"47";"18";"80655";"1";"2";"0";"12445";;;"Activo";"yeselith.almanza@avipoulet.com";;"2021-06-02 12:56:42";"2021-06-02 12:56:42"
"86977";"2021-06-02";"1";"24";;"47";"18";"80656";"1";"2";"0";"7920";;;"Activo";"yeselith.almanza@avipoulet.com";;"2021-06-02 12:56:42";"2021-06-02 12:56:42"
"86978";"2021-06-02";"1";"24";;"47";"18";"80658";"1";"2";"0";"12499";;;"Activo";"yeselith.almanza@avipoulet.com";;"2021-06-02 12:56:42";"2021-06-02 12:56:42"
"86979";"2021-06-02";"1";"24";;"47";"18";"80659";"1";"2";"0";"14175";;;"Activo";"yeselith.almanza@avipoulet.com";;"2021-06-02 12:56:43";"2021-06-02 12:56:43"
"86980";"2021-06-02";"1";"24";;"47";"18";"80660";"1";"2";"0";"3500";;;"Activo";"yeselith.almanza@avipoulet.com";;"2021-06-02 12:56:43";"2021-06-02 12:56:43"
"86981";"2021-06-02";"1";"24";;"47";"18";"80661";"1";"2";"0";"16073";;;"Activo";"yeselith.almanza@avipoulet.com";;"2021-06-02 12:56:43";"2021-06-02 12:56:43"
"86982";"2021-06-02";"1";"24";;"47";"18";"80662";"1";"2";"0";"22183";;;"Activo";"yeselith.almanza@avipoulet.com";;"2021-06-02 12:56:43";"2021-06-02 12:56:43"
"86983";"2021-06-02";"1";"24";;"47";"18";"80663";"1";"2";"0";"17955";;;"Activo";"yeselith.almanza@avipoulet.com";;"2021-06-02 12:56:43";"2021-06-02 12:56:43"
"86984";"2021-06-02";"1";"24";;"47";"18";"80664";"1";"2";"0";"4800";;;"Activo";"yeselith.almanza@avipoulet.com";;"2021-06-02 12:56:44";"2021-06-02 12:56:44"
"86985";"2021-06-02";"1";"24";;"47";"18";"80665";"1";"2";"0";"13080";;;"Activo";"yeselith.almanza@avipoulet.com";;"2021-06-02 12:56:44";"2021-06-02 12:56:44"
"86986";"2021-06-02";"1";"24";;"47";"18";"80666";"1";"2";"0";"20783";;;"Activo";"yeselith.almanza@avipoulet.com";;"2021-06-02 12:56:44";"2021-06-02 12:56:44"
"86987";"2021-06-02";"1";"24";;"47";"18";"80667";"1";"2";"0";"55895";;;"Activo";"yeselith.almanza@avipoulet.com";;"2021-06-02 12:56:44";"2021-06-02 12:56:44"
"86988";"2021-06-02";"1";"24";;"47";"18";"80668";"1";"2";"0";"10450";;;"Activo";"yeselith.almanza@avipoulet.com";;"2021-06-02 12:56:45";"2021-06-02 12:56:45"
"86989";"2021-06-02";"1";"24";;"47";"18";"80669";"1";"2";"0";"32608";;;"Activo";"yeselith.almanza@avipoulet.com";;"2021-06-02 12:56:45";"2021-06-02 12:56:45"
"86990";"2021-06-02";"1";"24";;"47";"18";"80670";"1";"2";"0";"5108";;;"Activo";"yeselith.almanza@avipoulet.com";;"2021-06-02 12:56:45";"2021-06-02 12:56:45"
"86991";"2021-06-02";"1";"24";;"47";"18";"80671";"1";"2";"0";"18000";;;"Activo";"yeselith.almanza@avipoulet.com";;"2021-06-02 12:56:45";"2021-06-02 12:56:45"
"86992";"2021-06-02";"1";"24";;"47";"18";"80672";"1";"2";"0";"6500";;;"Activo";"yeselith.almanza@avipoulet.com";;"2021-06-02 12:56:46";"2021-06-02 12:56:46"
"86993";"2021-06-02";"1";"24";;"47";"18";"80673";"1";"2";"0";"18115";;;"Activo";"yeselith.almanza@avipoulet.com";;"2021-06-02 12:56:46";"2021-06-02 12:56:46"
"86994";"2021-06-02";"1";"24";;"47";"18";"80674";"1";"2";"0";"66093";;;"Activo";"yeselith.almanza@avipoulet.com";"yeselith.almanza@avipoulet.com";"2021-06-02 12:56:46";"2021-06-02 12:56:46"
"86995";"2021-06-02";"1";"24";;"47";"18";"80675";"1";"2";"0";"22330";;"sñra basa";"Activo";"yeselith.almanza@avipoulet.com";;"2021-06-02 12:56:46";"2021-06-02 12:56:46"
"86996";"2021-06-02";"1";"24";;"47";"18";"80676";"1";"2";"0";"30630";;;"Activo";"yeselith.almanza@avipoulet.com";;"2021-06-02 12:56:47";"2021-06-02 12:56:47"
"86997";"2021-06-02";"1";"24";;"47";"18";"80677";"1";"2";"0";"43590";;;"Activo";"yeselith.almanza@avipoulet.com";;"2021-06-02 12:56:47";"2021-06-02 12:56:47"
"86998";"2021-06-02";"1";"24";;"47";"18";"80678";"1";"2";"0";"12330";;;"Activo";"yeselith.almanza@avipoulet.com";;"2021-06-02 12:56:47";"2021-06-02 12:56:47"
"86999";"2021-06-02";"1";"24";;"47";"18";"80680";"1";"2";"0";"10308";;;"Activo";"yeselith.almanza@avipoulet.com";;"2021-06-02 12:56:47";"2021-06-02 12:56:47"
"87000";"2021-06-02";"1";"24";;"47";"18";"80681";"1";"2";"0";"17880";;"chiki";"Activo";"yeselith.almanza@avipoulet.com";"yeselith.almanza@avipoulet.com";"2021-06-02 12:56:48";"2021-06-02 12:56:48"
"87001";"2021-06-02";"1";"24";;"47";"18";"80682";"1";"2";"0";"10600";;;"Activo";"yeselith.almanza@avipoulet.com";;"2021-06-02 12:56:48";"2021-06-02 12:56:48"
"87002";"2021-06-02";"1";"24";;"47";"18";"80683";"1";"2";"0";"12900";;;"Activo";"yeselith.almanza@avipoulet.com";;"2021-06-02 12:56:48";"2021-06-02 12:56:48"
"87003";"2021-06-02";"1";"24";;"47";"18";"80684";"1";"2";"0";"16523";;;"Activo";"yeselith.almanza@avipoulet.com";;"2021-06-02 12:56:48";"2021-06-02 12:56:48"
"87004";"2021-06-02";"1";"24";;"47";"18";"80685";"1";"2";"0";"6000";;;"Activo";"yeselith.almanza@avipoulet.com";;"2021-06-02 12:56:49";"2021-06-02 12:56:49"
"87005";"2021-06-02";"1";"24";;"47";"18";"80686";"1";"2";"0";"83397";;;"Activo";"yeselith.almanza@avipoulet.com";;"2021-06-02 12:56:49";"2021-06-02 12:56:49"
"87006";"2021-06-02";"1";"24";;"47";"18";"80687";"1";"2";"0";"12208";;;"Activo";"yeselith.almanza@avipoulet.com";;"2021-06-02 12:56:49";"2021-06-02 12:56:49"
"87007";"2021-06-02";"1";"24";;"47";"18";"80688";"1";"2";"0";"8085";;;"Activo";"yeselith.almanza@avipoulet.com";;"2021-06-02 12:56:49";"2021-06-02 12:56:49"
"87008";"2021-06-02";"1";"24";;"47";"18";"80689";"1";"2";"0";"8013";;;"Activo";"yeselith.almanza@avipoulet.com";;"2021-06-02 12:56:50";"2021-06-02 12:56:50"
"87009";"2021-06-02";"1";"24";;"47";"18";"80690";"1";"2";"0";"23798";;;"Activo";"yeselith.almanza@avipoulet.com";;"2021-06-02 12:56:50";"2021-06-02 12:56:50"
"87010";"2021-06-02";"1";"24";;"47";"18";"80691";"1";"2";"0";"13598";;;"Activo";"yeselith.almanza@avipoulet.com";;"2021-06-02 12:56:50";"2021-06-02 12:56:50"
"87011";"2021-06-02";"1";"24";;"47";"18";"80692";"1";"2";"0";"66690";;;"Activo";"yeselith.almanza@avipoulet.com";;"2021-06-02 12:56:50";"2021-06-02 12:56:50"
"87012";"2021-06-02";"1";"24";;"47";"18";"80693";"1";"2";"0";"45608";;;"Activo";"yeselith.almanza@avipoulet.com";;"2021-06-02 12:56:51";"2021-06-02 12:56:51"
"87013";"2021-06-02";"1";"24";;"47";"18";"80694";"1";"2";"0";"47168";;;"Activo";"yeselith.almanza@avipoulet.com";;"2021-06-02 12:56:51";"2021-06-02 12:56:51"
"87014";"2021-06-02";"1";"24";;"47";"18";"80695";"1";"2";"0";"108282";;"poncho";"Activo";"yeselith.almanza@avipoulet.com";;"2021-06-02 12:56:51";"2021-06-02 12:56:51"
"87015";"2021-06-02";"1";"24";;"47";"18";"80696";"1";"2";"0";"7695";;;"Activo";"yeselith.almanza@avipoulet.com";;"2021-06-02 12:56:52";"2021-06-02 12:56:52"
"87016";"2021-06-02";"1";"24";;"47";"18";"80697";"1";"2";"0";"7078";;;"Activo";"yeselith.almanza@avipoulet.com";"yeselith.almanza@avipoulet.com";"2021-06-02 12:56:52";"2021-06-02 12:56:52"
"87017";"2021-06-02";"1";"24";;"47";"18";"80698";"1";"2";"0";"13935";;;"Activo";"yeselith.almanza@avipoulet.com";;"2021-06-02 12:56:52";"2021-06-02 12:56:52"
"87018";"2021-06-02";"1";"24";;"47";"18";"80700";"1";"2";"0";"16140";;;"Activo";"yeselith.almanza@avipoulet.com";;"2021-06-02 12:56:52";"2021-06-02 12:56:52"
"87019";"2021-06-02";"1";"24";;"47";"18";"80701";"1";"2";"0";"28830";;;"Activo";"yeselith.almanza@avipoulet.com";;"2021-06-02 12:56:53";"2021-06-02 12:56:53"
"87020";"2021-06-02";"1";"24";;"47";"18";"80702";"1";"2";"0";"44255";;"joel casa";"Activo";"yeselith.almanza@avipoulet.com";;"2021-06-02 12:56:53";"2021-06-02 12:56:53"
"87021";"2021-06-02";"1";"24";;"47";"18";"80703";"1";"2";"0";"135768";;"joel negocio";"Activo";"yeselith.almanza@avipoulet.com";;"2021-06-02 12:56:53";"2021-06-02 12:56:53"
"87022";"2021-06-02";"1";"24";;"47";"18";"80704";"1";"2";"0";"21870";;;"Activo";"yeselith.almanza@avipoulet.com";;"2021-06-02 12:56:53";"2021-06-02 12:56:53"
"87023";"2021-06-02";"1";"24";;"47";"18";"80705";"1";"2";"0";"31403";;;"Activo";"yeselith.almanza@avipoulet.com";;"2021-06-02 12:56:54";"2021-06-02 12:56:54"
"87024";"2021-06-02";"1";"24";;"47";"18";"80706";"1";"2";"0";"29956";;;"Activo";"yeselith.almanza@avipoulet.com";;"2021-06-02 12:56:54";"2021-06-02 12:56:54"
"87025";"2021-06-02";"1";"24";;"47";"18";"80707";"1";"2";"0";"3800";;;"Activo";"yeselith.almanza@avipoulet.com";;"2021-06-02 12:56:54";"2021-06-02 12:56:54"
"87026";"2021-06-02";"1";"24";;"47";"18";"80708";"1";"2";"0";"4000";;;"Activo";"yeselith.almanza@avipoulet.com";;"2021-06-02 12:56:54";"2021-06-02 12:56:54"
"87027";"2021-06-02";"1";"24";;"47";"18";"80709";"1";"2";"0";"33375";;"arnaldo";"Activo";"yeselith.almanza@avipoulet.com";;"2021-06-02 12:56:55";"2021-06-02 12:56:55"
"87028";"2021-06-02";"1";"24";;"47";"18";"80710";"1";"2";"0";"18000";;;"Activo";"yeselith.almanza@avipoulet.com";;"2021-06-02 12:56:55";"2021-06-02 12:56:55"
"87029";"2021-06-02";"1";"24";;"47";"18";"80711";"1";"2";"0";"4025";;;"Activo";"yeselith.almanza@avipoulet.com";;"2021-06-02 12:56:55";"2021-06-02 12:56:55"
"87030";"2021-06-02";"1";"24";;"47";"18";"80712";"1";"2";"0";"15332";;;"Activo";"yeselith.almanza@avipoulet.com";;"2021-06-02 12:56:55";"2021-06-02 12:56:55"
"87031";"2021-06-02";"1";"24";;"47";"18";"80713";"1";"2";"0";"31058";;;"Activo";"yeselith.almanza@avipoulet.com";;"2021-06-02 12:56:56";"2021-06-02 12:56:56"
"87032";"2021-06-02";"1";"24";;"47";"18";"80714";"1";"2";"0";"59660";;;"Activo";"yeselith.almanza@avipoulet.com";;"2021-06-02 12:56:56";"2021-06-02 12:56:56"
"87033";"2021-06-02";"1";"24";;"47";"18";"80715";"1";"2";"0";"11078";;"sñr julio";"Activo";"yeselith.almanza@avipoulet.com";;"2021-06-02 12:56:57";"2021-06-02 12:56:57"
"87034";"2021-06-02";"1";"24";;"47";"18";"80716";"1";"2";"0";"28875";;;"Activo";"yeselith.almanza@avipoulet.com";;"2021-06-02 12:56:57";"2021-06-02 12:56:57"
"87035";"2021-06-02";"1";"24";;"47";"18";"80717";"1";"2";"0";"25138";;;"Activo";"yeselith.almanza@avipoulet.com";;"2021-06-02 12:56:58";"2021-06-02 12:56:58"
"87036";"2021-06-02";"1";"24";;"47";"18";"80718";"1";"2";"0";"9500";;;"Activo";"yeselith.almanza@avipoulet.com";;"2021-06-02 12:56:58";"2021-06-02 12:56:58"
"87037";"2021-06-02";"1";"24";;"47";"18";"80719";"1";"2";"0";"30590";;;"Activo";"yeselith.almanza@avipoulet.com";;"2021-06-02 12:56:59";"2021-06-02 12:56:59"
"87038";"2021-06-02";"1";"24";;"47";"18";"80720";"1";"2";"0";"9263";;;"Activo";"yeselith.almanza@avipoulet.com";;"2021-06-02 12:56:59";"2021-06-02 12:56:59"
"87039";"2021-06-02";"1";"24";;"47";"18";"80721";"1";"2";"0";"4770";;;"Activo";"yeselith.almanza@avipoulet.com";;"2021-06-02 12:56:59";"2021-06-02 12:56:59"
"87040";"2021-06-02";"1";"24";;"47";"18";"80722";"1";"2";"0";"48000";;;"Activo";"yeselith.almanza@avipoulet.com";;"2021-06-02 12:57:00";"2021-06-02 12:57:00"
"87041";"2021-06-02";"1";"24";;"47";"18";"80723";"1";"2";"0";"5292";;;"Activo";"yeselith.almanza@avipoulet.com";;"2021-06-02 12:57:00";"2021-06-02 12:57:00"
"87042";"2021-06-02";"1";"24";;"47";"18";"80724";"1";"2";"0";"15200";;;"Activo";"yeselith.almanza@avipoulet.com";;"2021-06-02 12:57:01";"2021-06-02 12:57:01"
"87043";"2021-06-02";"1";"24";;"47";"18";"80725";"1";"2";"0";"6888";;;"Activo";"yeselith.almanza@avipoulet.com";;"2021-06-02 12:57:01";"2021-06-02 12:57:01"
"87044";"2021-06-02";"1";"24";;"47";"18";"80726";"1";"2";"0";"17000";;;"Activo";"yeselith.almanza@avipoulet.com";;"2021-06-02 12:57:01";"2021-06-02 12:57:01"
"87045";"2021-06-02";"1";"24";;"47";"18";"80728";"1";"2";"0";"57958";;;"Activo";"yeselith.almanza@avipoulet.com";;"2021-06-02 12:57:02";"2021-06-02 12:57:02"
"87046";"2021-06-02";"1";"24";;"47";"18";"80729";"1";"2";"0";"24903";;;"Activo";"yeselith.almanza@avipoulet.com";;"2021-06-02 12:57:02";"2021-06-02 12:57:02"
"87047";"2021-06-02";"1";"24";;"47";"18";"80730";"1";"2";"0";"8193";;;"Activo";"yeselith.almanza@avipoulet.com";;"2021-06-02 12:57:03";"2021-06-02 12:57:03"
"87048";"2021-06-02";"1";"24";;"47";"18";"80731";"1";"2";"0";"3000";;;"Activo";"yeselith.almanza@avipoulet.com";;"2021-06-02 12:57:03";"2021-06-02 12:57:03"
"87049";"2021-06-02";"1";"24";;"47";"18";"80732";"1";"2";"0";"9000";;;"Activo";"yeselith.almanza@avipoulet.com";;"2021-06-02 12:57:04";"2021-06-02 12:57:04"
"87050";"2021-06-02";"1";"24";;"47";"18";"80733";"1";"2";"0";"22855";;;"Activo";"yeselith.almanza@avipoulet.com";;"2021-06-02 12:57:04";"2021-06-02 12:57:04"
"87051";"2021-06-02";"1";"24";;"47";"18";"80734";"1";"2";"0";"17500";;;"Activo";"yeselith.almanza@avipoulet.com";;"2021-06-02 12:57:05";"2021-06-02 12:57:05"
"87052";"2021-06-02";"1";"24";;"47";"18";"80735";"1";"2";"0";"5000";;;"Activo";"yeselith.almanza@avipoulet.com";;"2021-06-02 12:57:05";"2021-06-02 12:57:05"
"87053";"2021-06-02";"1";"24";;"47";"18";"80736";"1";"2";"0";"3753";;;"Activo";"yeselith.almanza@avipoulet.com";;"2021-06-02 12:57:05";"2021-06-02 12:57:05"
"87054";"2021-06-02";"1";"1213";;"47";"18";"80737";"1";"2";"0";"128258";;;"Activo";"yeselith.almanza@avipoulet.com";;"2021-06-02 12:57:05";"2021-06-02 12:57:05"
"87055";"2021-06-02";"1";"24";;"47";"18";"80738";"1";"2";"0";"9600";;;"Activo";"yeselith.almanza@avipoulet.com";;"2021-06-02 12:57:06";"2021-06-02 12:57:06"
"87056";"2021-06-02";"1";"24";;"47";"18";"80741";"1";"2";"0";"3500";;;"Activo";"yeselith.almanza@avipoulet.com";;"2021-06-02 12:57:06";"2021-06-02 12:57:06"
"87057";"2021-06-02";"1";"24";;"47";"18";"80742";"1";"2";"0";"9240";;;"Activo";"yeselith.almanza@avipoulet.com";;"2021-06-02 12:57:06";"2021-06-02 12:57:06"
"87058";"2021-06-02";"1";"24";;"47";"18";"80743";"1";"2";"0";"17068";;;"Activo";"yeselith.almanza@avipoulet.com";;"2021-06-02 12:57:06";"2021-06-02 12:57:06"
"87059";"2021-06-02";"1";"24";;"47";"18";"80744";"1";"2";"0";"6750";;;"Activo";"yeselith.almanza@avipoulet.com";;"2021-06-02 12:57:07";"2021-06-02 12:57:07"
"87060";"2021-06-02";"1";"24";;"47";"18";"80745";"1";"2";"0";"10070";;;"Activo";"yeselith.almanza@avipoulet.com";;"2021-06-02 12:57:07";"2021-06-02 12:57:07"
"87061";"2021-06-02";"1";"24";;"47";"18";"80746";"1";"2";"0";"1995";;;"Activo";"yeselith.almanza@avipoulet.com";;"2021-06-02 12:57:07";"2021-06-02 12:57:07"
"87062";"2021-06-02";"1";"24";;"47";"18";"80747";"1";"2";"0";"3000";;;"Activo";"yeselith.almanza@avipoulet.com";;"2021-06-02 12:57:07";"2021-06-02 12:57:07"
"87063";"2021-06-02";"1";"24";;"47";"18";"80748";"1";"2";"0";"7980";;;"Activo";"yeselith.almanza@avipoulet.com";;"2021-06-02 12:57:08";"2021-06-02 12:57:08"
"87064";"2021-06-02";"1";"24";;"47";"18";"80749";"1";"2";"0";"19684";;;"Activo";"yeselith.almanza@avipoulet.com";;"2021-06-02 12:57:08";"2021-06-02 12:57:08"
"87065";"2021-06-02";"1";"24";;"47";"18";"80750";"1";"2";"0";"17955";;;"Activo";"yeselith.almanza@avipoulet.com";;"2021-06-02 12:57:08";"2021-06-02 12:57:08"
"87066";"2021-06-02";"1";"24";;"47";"18";"80751";"1";"2";"0";"49994";;;"Activo";"yeselith.almanza@avipoulet.com";;"2021-06-02 12:57:08";"2021-06-02 12:57:08"
"87067";"2021-06-02";"1";"24";;"47";"18";"80752";"1";"2";"0";"90788";;"cholo";"Activo";"yeselith.almanza@avipoulet.com";;"2021-06-02 12:57:09";"2021-06-02 12:57:09"
"87068";"2021-06-02";"1";"24";;"47";"18";"80753";"1";"2";"0";"20625";;;"Activo";"yeselith.almanza@avipoulet.com";;"2021-06-02 12:57:09";"2021-06-02 12:57:09"
"87069";"2021-06-02";"1";"24";;"47";"18";"80754";"1";"2";"0";"26278";;;"Activo";"yeselith.almanza@avipoulet.com";;"2021-06-02 12:57:09";"2021-06-02 12:57:09"
"87070";"2021-06-02";"1";"24";;"47";"18";"80755";"1";"2";"0";"38366";;;"Activo";"yeselith.almanza@avipoulet.com";;"2021-06-02 12:57:09";"2021-06-02 12:57:09"
"87071";"2021-06-02";"1";"24";;"47";"18";"80756";"1";"2";"0";"23485";;;"Activo";"yeselith.almanza@avipoulet.com";;"2021-06-02 12:57:10";"2021-06-02 12:57:10"
"87072";"2021-06-02";"1";"24";;"47";"18";"80757";"1";"2";"0";"16830";;;"Activo";"yeselith.almanza@avipoulet.com";;"2021-06-02 12:57:10";"2021-06-02 12:57:10"
"87073";"2021-06-02";"1";"24";;"47";"18";"80758";"1";"2";"0";"7200";;;"Activo";"yeselith.almanza@avipoulet.com";;"2021-06-02 12:57:10";"2021-06-02 12:57:10"
"87074";"2021-06-02";"1";"24";;"47";"18";"80759";"1";"2";"0";"49630";;;"Activo";"yeselith.almanza@avipoulet.com";;"2021-06-02 12:57:10";"2021-06-02 12:57:10"
"87075";"2021-06-02";"1";"24";;"47";"18";"80760";"1";"2";"0";"32727";;;"Activo";"yeselith.almanza@avipoulet.com";;"2021-06-02 12:57:10";"2021-06-02 12:57:10"
"87076";"2021-06-02";"1";"24";;"47";"18";"80761";"1";"2";"0";"5670";;;"Activo";"yeselith.almanza@avipoulet.com";;"2021-06-02 12:57:11";"2021-06-02 12:57:11"
"87077";"2021-06-02";"1";"24";;"47";"18";"80762";"1";"2";"0";"5320";;;"Activo";"yeselith.almanza@avipoulet.com";;"2021-06-02 12:57:11";"2021-06-02 12:57:11"
"87078";"2021-06-02";"1";"24";;"47";"18";"80763";"1";"2";"0";"6405";;;"Activo";"yeselith.almanza@avipoulet.com";;"2021-06-02 12:57:11";"2021-06-02 12:57:11"
"87079";"2021-06-02";"1";"24";;"47";"18";"80764";"1";"2";"0";"24540";;;"Activo";"yeselith.almanza@avipoulet.com";;"2021-06-02 12:57:11";"2021-06-02 12:57:11"
"87080";"2021-06-02";"1";"24";;"47";"18";"80765";"1";"2";"0";"22960";;;"Activo";"yeselith.almanza@avipoulet.com";;"2021-06-02 12:57:12";"2021-06-02 12:57:12"
"87081";"2021-06-02";"1";"24";;"47";"18";"80766";"1";"2";"0";"14915";;;"Activo";"yeselith.almanza@avipoulet.com";;"2021-06-02 12:57:12";"2021-06-02 12:57:12"
"87082";"2021-06-02";"1";"24";;"47";"18";"80767";"1";"2";"0";"4800";;;"Activo";"yeselith.almanza@avipoulet.com";;"2021-06-02 12:57:12";"2021-06-02 12:57:12"
"87083";"2021-06-02";"1";"24";;"47";"18";"80769";"1";"2";"0";"18100";;;"Activo";"yeselith.almanza@avipoulet.com";;"2021-06-02 12:57:12";"2021-06-02 12:57:12"
"87084";"2021-06-02";"1";"24";;"47";"18";"80770";"1";"2";"0";"110400";;;"Activo";"yeselith.almanza@avipoulet.com";;"2021-06-02 12:57:13";"2021-06-02 12:57:13"
"87085";"2021-06-02";"1";"24";;"47";"18";"80772";"1";"2";"0";"28500";;;"Activo";"yeselith.almanza@avipoulet.com";;"2021-06-02 12:57:13";"2021-06-02 12:57:13"
"87086";"2021-06-02";"1";"24";;"47";"18";"80773";"1";"2";"0";"105070";;;"Activo";"yeselith.almanza@avipoulet.com";;"2021-06-02 12:57:13";"2021-06-02 12:57:13"
"87087";"2021-06-02";"1";"24";;"47";"18";"80774";"1";"2";"0";"61560";;;"Activo";"yeselith.almanza@avipoulet.com";;"2021-06-02 12:57:13";"2021-06-02 12:57:13"
"87088";"2021-06-02";"1";"24";;"47";"18";"80775";"1";"2";"0";"6318";;;"Activo";"yeselith.almanza@avipoulet.com";;"2021-06-02 12:57:13";"2021-06-02 12:57:13"
"87089";"2021-06-02";"1";"24";;"47";"18";"80776";"1";"2";"0";"22560";;;"Activo";"yeselith.almanza@avipoulet.com";;"2021-06-02 12:57:14";"2021-06-02 12:57:14"
"87090";"2021-06-02";"1";"24";;"47";"18";"80777";"1";"2";"0";"6000";;;"Activo";"yeselith.almanza@avipoulet.com";;"2021-06-02 12:57:14";"2021-06-02 12:57:14"
"87091";"2021-06-02";"1";"24";;"47";"18";"80778";"1";"2";"0";"60375";;;"Activo";"yeselith.almanza@avipoulet.com";;"2021-06-02 12:57:14";"2021-06-02 12:57:14"
"87092";"2021-06-02";"1";"24";;"47";"18";"80779";"1";"2";"0";"101400";;"nene";"Activo";"yeselith.almanza@avipoulet.com";;"2021-06-02 12:57:14";"2021-06-02 12:57:14"
"87093";"2021-06-02";"1";"24";;"47";"18";"80780";"1";"2";"0";"8170";;;"Activo";"yeselith.almanza@avipoulet.com";;"2021-06-02 12:57:15";"2021-06-02 12:57:15"
"87094";"2021-06-02";"1";"24";;"47";"18";"80781";"1";"2";"0";"5000";;;"Activo";"yeselith.almanza@avipoulet.com";;"2021-06-02 12:57:15";"2021-06-02 12:57:15"
"87095";"2021-06-02";"1";"24";;"47";"18";"80783";"1";"2";"0";"30290";;;"Activo";"yeselith.almanza@avipoulet.com";;"2021-06-02 12:57:15";"2021-06-02 12:57:15"
"87096";"2021-06-02";"1";"24";;"47";"18";"80786";"1";"2";"0";"41873";;;"Activo";"yeselith.almanza@avipoulet.com";;"2021-06-02 12:57:15";"2021-06-02 12:57:15"
"87097";"2021-06-02";"1";"24";;"47";"18";"80787";"1";"2";"0";"10070";;;"Activo";"yeselith.almanza@avipoulet.com";;"2021-06-02 12:57:15";"2021-06-02 12:57:15"
"87098";"2021-06-02";"1";"24";;"47";"18";"80788";"1";"2";"0";"6000";;;"Activo";"yeselith.almanza@avipoulet.com";;"2021-06-02 12:57:16";"2021-06-02 12:57:16"
"87099";"2021-06-02";"1";"24";;"47";"18";"80789";"1";"2";"0";"43470";;;"Activo";"yeselith.almanza@avipoulet.com";;"2021-06-02 12:57:16";"2021-06-02 12:57:16"
"87100";"2021-06-02";"1";"24";;"47";"18";"80791";"1";"2";"0";"3000";;;"Activo";"yeselith.almanza@avipoulet.com";;"2021-06-02 12:57:16";"2021-06-02 12:57:16"
"87101";"2021-06-02";"1";"24";;"47";"18";"80792";"1";"2";"0";"7020";;;"Activo";"yeselith.almanza@avipoulet.com";;"2021-06-02 12:57:16";"2021-06-02 12:57:16"
"87102";"2021-06-02";"1";"24";;"47";"18";"80793";"1";"2";"0";"2000";;;"Activo";"yeselith.almanza@avipoulet.com";;"2021-06-02 12:57:16";"2021-06-02 12:57:16"
"87103";"2021-06-02";"1";"24";;"47";"18";"80794";"1";"2";"0";"3900";;;"Activo";"yeselith.almanza@avipoulet.com";;"2021-06-02 12:57:17";"2021-06-02 12:57:17"
"87104";"2021-06-02";"1";"24";;"47";"18";"80795";"1";"2";"0";"11500";;;"Activo";"yeselith.almanza@avipoulet.com";;"2021-06-02 12:57:17";"2021-06-02 12:57:17"
"87105";"2021-06-02";"1";"24";;"47";"18";"80796";"1";"2";"0";"34963";;;"Activo";"yeselith.almanza@avipoulet.com";;"2021-06-02 12:57:17";"2021-06-02 12:57:17"
"87106";"2021-06-02";"1";"24";;"47";"18";"80797";"1";"2";"0";"7320";;;"Activo";"yeselith.almanza@avipoulet.com";;"2021-06-02 12:57:18";"2021-06-02 12:57:18"
"87107";"2021-06-02";"1";"24";;"47";"18";"80798";"1";"2";"0";"49335";;;"Activo";"yeselith.almanza@avipoulet.com";;"2021-06-02 12:57:18";"2021-06-02 12:57:18"
"87108";"2021-06-02";"1";"24";;"47";"18";"80799";"1";"2";"0";"10640";;;"Activo";"yeselith.almanza@avipoulet.com";;"2021-06-02 12:57:18";"2021-06-02 12:57:18"
"87109";"2021-06-02";"1";"24";;"47";"18";"80800";"1";"2";"0";"21508";;;"Activo";"yeselith.almanza@avipoulet.com";;"2021-06-02 12:57:18";"2021-06-02 12:57:18"
"87110";"2021-06-02";"1";"24";;"47";"18";"80801";"1";"2";"0";"7260";;;"Activo";"yeselith.almanza@avipoulet.com";;"2021-06-02 12:57:19";"2021-06-02 12:57:19"
"87111";"2021-06-02";"1";"24";;"47";"18";"80802";"1";"2";"0";"12540";;;"Activo";"yeselith.almanza@avipoulet.com";;"2021-06-02 12:57:19";"2021-06-02 12:57:19"
"87112";"2021-06-02";"1";"24";;"47";"18";"80803";"1";"2";"0";"10945";;;"Activo";"yeselith.almanza@avipoulet.com";;"2021-06-02 12:57:19";"2021-06-02 12:57:19"
"87113";"2021-06-02";"1";"24";;"47";"18";"80805";"1";"2";"0";"5800";;;"Activo";"yeselith.almanza@avipoulet.com";;"2021-06-02 12:57:19";"2021-06-02 12:57:19"
"87114";"2021-06-02";"1";"24";;"47";"18";"80806";"1";"2";"0";"21145";;;"Activo";"yeselith.almanza@avipoulet.com";;"2021-06-02 12:57:20";"2021-06-02 12:57:20"
"87115";"2021-06-02";"1";"24";;"47";"18";"80807";"1";"2";"0";"8190";;;"Activo";"yeselith.almanza@avipoulet.com";;"2021-06-02 12:57:20";"2021-06-02 12:57:20"
"87116";"2021-06-02";"1";"24";;"47";"18";"80808";"1";"2";"0";"11715";;;"Activo";"yeselith.almanza@avipoulet.com";;"2021-06-02 12:57:20";"2021-06-02 12:57:20"
"87117";"2021-06-02";"1";"24";;"47";"18";"80809";"1";"2";"0";"7980";;;"Activo";"yeselith.almanza@avipoulet.com";;"2021-06-02 12:57:20";"2021-06-02 12:57:20"
"87118";"2021-06-02";"1";"24";;"47";"18";"80810";"1";"2";"0";"6000";;;"Activo";"yeselith.almanza@avipoulet.com";;"2021-06-02 12:57:21";"2021-06-02 12:57:21"
"87119";"2021-06-02";"1";"24";;"47";"18";"80811";"1";"2";"0";"75030";;;"Activo";"yeselith.almanza@avipoulet.com";;"2021-06-02 12:57:21";"2021-06-02 12:57:21"
"87120";"2021-06-02";"1";"24";;"47";"18";"80812";"1";"2";"0";"12548";;;"Activo";"yeselith.almanza@avipoulet.com";;"2021-06-02 12:57:21";"2021-06-02 12:57:21"
"87121";"2021-06-02";"1";"24";;"47";"18";"80813";"1";"2";"0";"88010";;;"Activo";"yeselith.almanza@avipoulet.com";;"2021-06-02 12:57:21";"2021-06-02 12:57:21"
"87122";"2021-06-02";"1";"24";;"47";"18";"80814";"1";"2";"0";"13100";;;"Activo";"yeselith.almanza@avipoulet.com";;"2021-06-02 12:57:22";"2021-06-02 12:57:22"
"87123";"2021-06-02";"1";"24";;"47";"18";"80815";"1";"2";"0";"9750";;;"Activo";"yeselith.almanza@avipoulet.com";;"2021-06-02 12:57:22";"2021-06-02 12:57:22"
"87124";"2021-06-02";"1";"24";;"47";"18";"80816";"1";"2";"0";"29575";;;"Activo";"yeselith.almanza@avipoulet.com";;"2021-06-02 12:57:22";"2021-06-02 12:57:22"
"87125";"2021-06-02";"1";"24";;"47";"18";"80817";"1";"2";"0";"17273";;;"Activo";"yeselith.almanza@avipoulet.com";;"2021-06-02 12:57:22";"2021-06-02 12:57:22"
"87126";"2021-06-02";"1";"24";;"47";"18";"80818";"1";"2";"0";"9135";;;"Activo";"yeselith.almanza@avipoulet.com";;"2021-06-02 12:57:23";"2021-06-02 12:57:23"
"87127";"2021-06-02";"1";"24";;"47";"18";"80819";"1";"2";"0";"9215";;;"Activo";"yeselith.almanza@avipoulet.com";;"2021-06-02 12:57:23";"2021-06-02 12:57:23"
"87128";"2021-06-02";"1";"24";;"47";"18";"80820";"1";"2";"0";"8455";;;"Activo";"yeselith.almanza@avipoulet.com";;"2021-06-02 12:57:23";"2021-06-02 12:57:23"
"87129";"2021-06-02";"1";"24";;"47";"18";"80821";"1";"2";"0";"15820";;;"Activo";"yeselith.almanza@avipoulet.com";;"2021-06-02 12:57:23";"2021-06-02 12:57:23"
"87130";"2021-06-02";"1";"24";;"47";"18";"80822";"1";"2";"0";"11100";;;"Activo";"yeselith.almanza@avipoulet.com";;"2021-06-02 12:57:23";"2021-06-02 12:57:23"
"87131";"2021-06-02";"1";"24";;"47";"18";"80823";"1";"2";"0";"20425";;;"Activo";"yeselith.almanza@avipoulet.com";;"2021-06-02 12:57:24";"2021-06-02 12:57:24"
"87132";"2021-06-02";"1";"24";;"47";"18";"80825";"1";"2";"0";"33475";;;"Activo";"yeselith.almanza@avipoulet.com";;"2021-06-02 12:57:24";"2021-06-02 12:57:24"
"87133";"2021-06-02";"1";"24";;"47";"18";"80826";"1";"2";"0";"6000";;;"Activo";"yeselith.almanza@avipoulet.com";;"2021-06-02 12:57:24";"2021-06-02 12:57:24"
"87134";"2021-06-02";"1";"24";;"47";"18";"80828";"1";"2";"0";"5460";;;"Activo";"yeselith.almanza@avipoulet.com";;"2021-06-02 12:57:24";"2021-06-02 12:57:24"
"87135";"2021-06-02";"1";"24";;"47";"18";"80829";"1";"2";"0";"105975";;"SÑR";"Activo";"yeselith.almanza@avipoulet.com";;"2021-06-02 12:57:25";"2021-06-02 12:57:25"
"87136";"2021-06-02";"1";"24";;"47";"18";"80830";"1";"2";"0";"11708";;;"Activo";"yeselith.almanza@avipoulet.com";;"2021-06-02 12:57:25";"2021-06-02 12:57:25"
"87137";"2021-06-02";"1";"24";;"47";"18";"80831";"1";"2";"0";"9000";;;"Activo";"yeselith.almanza@avipoulet.com";;"2021-06-02 12:57:25";"2021-06-02 12:57:25"
"87138";"2021-06-02";"1";"24";;"47";"18";"80832";"1";"2";"0";"37460";;;"Activo";"yeselith.almanza@avipoulet.com";;"2021-06-02 12:57:25";"2021-06-02 12:57:25"
"87139";"2021-06-02";"1";"24";;"47";"18";"80835";"1";"2";"0";"14490";;"YAYO";"Activo";"yeselith.almanza@avipoulet.com";;"2021-06-02 12:57:26";"2021-06-02 12:57:26"
"87140";"2021-06-02";"1";"24";;"47";"18";"80836";"1";"2";"0";"21000";;;"Activo";"yeselith.almanza@avipoulet.com";;"2021-06-02 12:57:26";"2021-06-02 12:57:26"
"87141";"2021-06-02";"1";"24";;"47";"18";"80837";"1";"2";"0";"15610";;;"Activo";"yeselith.almanza@avipoulet.com";;"2021-06-02 12:57:26";"2021-06-02 12:57:26"
"87142";"2021-06-02";"1";"24";;"47";"18";"80838";"1";"2";"0";"13748";;;"Activo";"yeselith.almanza@avipoulet.com";;"2021-06-02 12:57:26";"2021-06-02 12:57:26"
"87143";"2021-06-02";"1";"24";;"47";"18";"80839";"1";"2";"0";"6930";;;"Activo";"yeselith.almanza@avipoulet.com";;"2021-06-02 12:57:26";"2021-06-02 12:57:26"
"87144";"2021-06-02";"1";"24";;"47";"18";"80840";"1";"2";"0";"8170";;;"Activo";"yeselith.almanza@avipoulet.com";;"2021-06-02 12:57:27";"2021-06-02 12:57:27"
"87145";"2021-06-02";"1";"24";;"47";"18";"80841";"1";"2";"0";"58118";;;"Activo";"yeselith.almanza@avipoulet.com";;"2021-06-02 12:57:27";"2021-06-02 12:57:27"
"87146";"2021-06-02";"1";"24";;"47";"18";"80842";"1";"2";"0";"19725";;;"Activo";"yeselith.almanza@avipoulet.com";;"2021-06-02 12:57:27";"2021-06-02 12:57:27"
"87147";"2021-06-02";"1";"24";;"47";"18";"80843";"1";"2";"0";"7020";;;"Activo";"yeselith.almanza@avipoulet.com";;"2021-06-02 12:57:27";"2021-06-02 12:57:27"
"87148";"2021-06-02";"1";"24";;"47";"18";"80844";"1";"2";"0";"16080";;;"Activo";"yeselith.almanza@avipoulet.com";;"2021-06-02 12:57:28";"2021-06-02 12:57:28"
"87149";"2021-06-02";"1";"24";;"47";"18";"80845";"1";"2";"0";"9015";;;"Activo";"yeselith.almanza@avipoulet.com";;"2021-06-02 12:57:28";"2021-06-02 12:57:28"
"87150";"2021-06-02";"1";"24";;"47";"18";"80846";"1";"2";"0";"8220";;;"Activo";"yeselith.almanza@avipoulet.com";;"2021-06-02 12:57:28";"2021-06-02 12:57:28"
"87151";"2021-06-02";"1";"24";;"47";"18";"80848";"1";"2";"0";"16940";;;"Activo";"yeselith.almanza@avipoulet.com";;"2021-06-02 12:57:28";"2021-06-02 12:57:28"
"87152";"2021-06-02";"1";"24";;"47";"18";"80849";"1";"2";"0";"16530";;;"Activo";"yeselith.almanza@avipoulet.com";;"2021-06-02 12:57:28";"2021-06-02 12:57:28"
"87153";"2021-06-02";"1";"24";;"47";"18";"80850";"1";"2";"0";"10710";;;"Activo";"yeselith.almanza@avipoulet.com";;"2021-06-02 12:57:29";"2021-06-02 12:57:29"
"87154";"2021-06-02";"1";"24";;"47";"18";"80851";"1";"2";"0";"6900";;;"Activo";"yeselith.almanza@avipoulet.com";;"2021-06-02 12:57:29";"2021-06-02 12:57:29"
"87155";"2021-06-02";"1";"24";;"47";"18";"80852";"1";"2";"0";"27010";;;"Activo";"yeselith.almanza@avipoulet.com";;"2021-06-02 12:57:29";"2021-06-02 12:57:29"
"87156";"2021-06-02";"1";"24";;"47";"18";"80853";"1";"2";"0";"14868";;;"Activo";"yeselith.almanza@avipoulet.com";;"2021-06-02 12:57:29";"2021-06-02 12:57:29"
"87157";"2021-06-02";"1";"24";;"47";"18";"80854";"1";"2";"0";"17588";;;"Activo";"yeselith.almanza@avipoulet.com";;"2021-06-02 12:57:30";"2021-06-02 12:57:30"
"87158";"2021-06-02";"1";"24";;"47";"18";"80855";"1";"2";"0";"109250";;;"Activo";"yeselith.almanza@avipoulet.com";;"2021-06-02 12:57:30";"2021-06-02 12:57:30"
"87159";"2021-06-02";"1";"24";;"47";"18";"80856";"1";"2";"0";"8085";;;"Activo";"yeselith.almanza@avipoulet.com";;"2021-06-02 12:57:30";"2021-06-02 12:57:30"
"87160";"2021-06-02";"1";"24";;"47";"18";"80857";"1";"2";"0";"15960";;;"Activo";"yeselith.almanza@avipoulet.com";;"2021-06-02 12:57:30";"2021-06-02 12:57:30"
"87161";"2021-06-02";"1";"24";;"47";"18";"80858";"1";"2";"0";"13125";;;"Activo";"yeselith.almanza@avipoulet.com";;"2021-06-02 12:57:31";"2021-06-02 12:57:31"
"87162";"2021-06-02";"1";"24";;"47";"18";"80859";"1";"2";"0";"11643";;;"Activo";"yeselith.almanza@avipoulet.com";;"2021-06-02 12:57:31";"2021-06-02 12:57:31"
"87163";"2021-06-02";"1";"24";;"47";"18";"80861";"1";"2";"0";"6250";;;"Activo";"yeselith.almanza@avipoulet.com";;"2021-06-02 12:57:31";"2021-06-02 12:57:31"
"87164";"2021-06-02";"1";"24";;"47";"18";"80862";"1";"2";"0";"8225";;;"Activo";"yeselith.almanza@avipoulet.com";;"2021-06-02 12:57:31";"2021-06-02 12:57:31"
"87165";"2021-06-02";"1";"24";;"47";"18";"80863";"1";"2";"0";"48983";;;"Activo";"yeselith.almanza@avipoulet.com";;"2021-06-02 12:57:32";"2021-06-02 12:57:32"
"87166";"2021-06-02";"1";"24";;"47";"18";"80864";"1";"2";"0";"18165";;;"Activo";"yeselith.almanza@avipoulet.com";;"2021-06-02 12:57:32";"2021-06-02 12:57:32"
"87167";"2021-06-02";"1";"24";;"47";"18";"80865";"1";"2";"0";"19000";;;"Activo";"yeselith.almanza@avipoulet.com";;"2021-06-02 12:57:32";"2021-06-02 12:57:32"
"87168";"2021-06-02";"1";"24";;"47";"18";"80866";"1";"2";"0";"18000";;;"Activo";"yeselith.almanza@avipoulet.com";;"2021-06-02 12:57:32";"2021-06-02 12:57:32"
"87169";"2021-06-02";"1";"24";;"47";"18";"80867";"1";"2";"0";"10080";;;"Activo";"yeselith.almanza@avipoulet.com";;"2021-06-02 12:57:33";"2021-06-02 12:57:33"
"87170";"2021-06-02";"1";"24";;"47";"18";"80868";"1";"2";"0";"15725";;;"Activo";"yeselith.almanza@avipoulet.com";;"2021-06-02 12:57:33";"2021-06-02 12:57:33"
"87171";"2021-06-02";"1";"24";;"47";"18";"80869";"1";"2";"0";"3800";;;"Activo";"yeselith.almanza@avipoulet.com";;"2021-06-02 12:57:33";"2021-06-02 12:57:33"
"87172";"2021-06-02";"1";"24";;"47";"18";"80870";"1";"2";"0";"2000";;;"Activo";"yeselith.almanza@avipoulet.com";;"2021-06-02 12:57:33";"2021-06-02 12:57:33"
"87173";"2021-06-02";"1";"24";;"47";"18";"80871";"1";"2";"0";"11760";;;"Activo";"yeselith.almanza@avipoulet.com";;"2021-06-02 12:57:34";"2021-06-02 12:57:34"
"87174";"2021-06-02";"1";"24";;"47";"18";"80872";"1";"2";"0";"4000";;;"Activo";"yeselith.almanza@avipoulet.com";;"2021-06-02 12:57:34";"2021-06-02 12:57:34"
"87175";"2021-06-02";"1";"24";;"47";"18";"80873";"1";"2";"0";"2000";;;"Activo";"yeselith.almanza@avipoulet.com";;"2021-06-02 12:57:34";"2021-06-02 12:57:34"
"87176";"2021-06-02";"1";"24";;"47";"18";"80874";"1";"2";"0";"62631";;;"Activo";"yeselith.almanza@avipoulet.com";;"2021-06-02 12:57:34";"2021-06-02 12:57:34"
"87177";"2021-06-02";"1";"24";;"47";"18";"80875";"1";"2";"0";"14504";;;"Activo";"yeselith.almanza@avipoulet.com";;"2021-06-02 12:57:34";"2021-06-02 12:57:34"
"87178";"2021-06-02";"1";"24";;"47";"18";"80876";"1";"2";"0";"3500";;;"Activo";"yeselith.almanza@avipoulet.com";;"2021-06-02 12:57:35";"2021-06-02 12:57:35"
"87179";"2021-06-02";"1";"24";;"47";"18";"80877";"1";"2";"0";"41525";;;"Activo";"yeselith.almanza@avipoulet.com";;"2021-06-02 12:57:35";"2021-06-02 12:57:35"
"87180";"2021-06-02";"1";"24";;"47";"18";"80878";"1";"2";"0";"4000";;;"Activo";"yeselith.almanza@avipoulet.com";;"2021-06-02 12:57:35";"2021-06-02 12:57:35"
"87181";"2021-06-02";"1";"24";;"47";"18";"80880";"1";"2";"0";"65708";;;"Activo";"yeselith.almanza@avipoulet.com";;"2021-06-02 12:57:35";"2021-06-02 12:57:35"
"87182";"2021-06-02";"1";"24";;"47";"18";"80882";"1";"2";"0";"41170";;;"Activo";"yeselith.almanza@avipoulet.com";;"2021-06-02 12:57:36";"2021-06-02 12:57:36"
"87183";"2021-06-02";"1";"24";;"47";"18";"80884";"1";"2";"0";"9870";;;"Activo";"yeselith.almanza@avipoulet.com";;"2021-06-02 12:57:36";"2021-06-02 12:57:36"
"87184";"2021-06-02";"1";"24";;"47";"18";"80885";"1";"2";"0";"8888";;;"Activo";"yeselith.almanza@avipoulet.com";;"2021-06-02 12:57:36";"2021-06-02 12:57:36"
"87185";"2021-06-02";"1";"24";;"47";"18";"80886";"1";"2";"0";"22291";;"SÑRA DE LA LISA";"Activo";"yeselith.almanza@avipoulet.com";;"2021-06-02 12:57:36";"2021-06-02 12:57:36"
"87186";"2021-06-02";"1";"24";;"47";"18";"80887";"1";"2";"0";"4000";;;"Activo";"yeselith.almanza@avipoulet.com";;"2021-06-02 12:57:37";"2021-06-02 12:57:37"
"87187";"2021-06-02";"1";"24";;"47";"18";"80888";"1";"2";"0";"13000";;;"Activo";"yeselith.almanza@avipoulet.com";;"2021-06-02 12:57:37";"2021-06-02 12:57:37"
"87188";"2021-06-02";"1";"24";;"47";"18";"80889";"1";"2";"0";"123840";;;"Activo";"yeselith.almanza@avipoulet.com";;"2021-06-02 12:57:37";"2021-06-02 12:57:37"
"87189";"2021-06-02";"1";"24";;"47";"18";"80890";"1";"2";"0";"13658";;;"Activo";"yeselith.almanza@avipoulet.com";;"2021-06-02 12:57:37";"2021-06-02 12:57:37"
"87190";"2021-06-02";"1";"24";;"47";"18";"80891";"1";"2";"0";"7975";;;"Activo";"yeselith.almanza@avipoulet.com";;"2021-06-02 12:57:37";"2021-06-02 12:57:37"
"87191";"2021-06-02";"1";"24";;"47";"18";"80892";"1";"2";"0";"3696";;;"Activo";"yeselith.almanza@avipoulet.com";;"2021-06-02 12:57:38";"2021-06-02 12:57:38"
"87192";"2021-06-02";"1";"24";;"47";"18";"80839";"1";"2";"0";"6930";;;"Activo";"yeselith.almanza@avipoulet.com";;"2021-06-02 12:57:38";"2021-06-02 12:57:38"
"87193";"2021-06-02";"1";"24";;"47";"18";"80893";"1";"2";"0";"34028";;;"Activo";"yeselith.almanza@avipoulet.com";;"2021-06-02 12:57:38";"2021-06-02 12:57:38"
"87194";"2021-06-02";"1";"24";;"47";"18";"80840";"1";"2";"0";"8170";;;"Activo";"yeselith.almanza@avipoulet.com";;"2021-06-02 12:57:38";"2021-06-02 12:57:38"
"87195";"2021-06-02";"1";"24";;"47";"18";"80894";"1";"2";"0";"20105";;;"Activo";"yeselith.almanza@avipoulet.com";;"2021-06-02 12:57:39";"2021-06-02 12:57:39"
"87196";"2021-06-02";"1";"24";;"47";"18";"80841";"1";"2";"0";"58118";;;"Activo";"yeselith.almanza@avipoulet.com";;"2021-06-02 12:57:39";"2021-06-02 12:57:39"
"87197";"2021-06-02";"1";"24";;"47";"18";"80895";"1";"2";"0";"3990";;;"Activo";"yeselith.almanza@avipoulet.com";;"2021-06-02 12:57:39";"2021-06-02 12:57:39"
"87198";"2021-06-02";"1";"24";;"47";"18";"80842";"1";"2";"0";"19725";;;"Activo";"yeselith.almanza@avipoulet.com";;"2021-06-02 12:57:39";"2021-06-02 12:57:39"
"87199";"2021-06-02";"1";"24";;"47";"18";"80896";"1";"2";"0";"26932";;;"Activo";"yeselith.almanza@avipoulet.com";;"2021-06-02 12:57:39";"2021-06-02 12:57:39"
"87200";"2021-06-02";"1";"24";;"47";"18";"80843";"1";"2";"0";"7020";;;"Activo";"yeselith.almanza@avipoulet.com";;"2021-06-02 12:57:40";"2021-06-02 12:57:40"
"87201";"2021-06-02";"1";"24";;"47";"18";"80897";"1";"2";"0";"28607";;;"Activo";"yeselith.almanza@avipoulet.com";;"2021-06-02 12:57:40";"2021-06-02 12:57:40"
"87202";"2021-06-02";"1";"24";;"47";"18";"80844";"1";"2";"0";"16080";;;"Activo";"yeselith.almanza@avipoulet.com";;"2021-06-02 12:57:40";"2021-06-02 12:57:40"
"87203";"2021-06-02";"1";"24";;"47";"18";"80898";"1";"2";"0";"7470";;;"Activo";"yeselith.almanza@avipoulet.com";;"2021-06-02 12:57:40";"2021-06-02 12:57:40"
"87204";"2021-06-02";"1";"24";;"47";"18";"80845";"1";"2";"0";"9015";;;"Activo";"yeselith.almanza@avipoulet.com";;"2021-06-02 12:57:40";"2021-06-02 12:57:40"
"87205";"2021-06-02";"1";"24";;"47";"18";"80899";"1";"2";"0";"54151";;;"Activo";"yeselith.almanza@avipoulet.com";;"2021-06-02 12:57:41";"2021-06-02 12:57:41"
"87206";"2021-06-02";"1";"24";;"47";"18";"80846";"1";"2";"0";"8220";;;"Activo";"yeselith.almanza@avipoulet.com";;"2021-06-02 12:57:41";"2021-06-02 12:57:41"
"87207";"2021-06-02";"1";"24";;"47";"18";"80900";"1";"2";"0";"11922";;;"Activo";"yeselith.almanza@avipoulet.com";;"2021-06-02 12:57:41";"2021-06-02 12:57:41"
"87208";"2021-06-02";"1";"24";;"47";"18";"80848";"1";"2";"0";"16940";;;"Activo";"yeselith.almanza@avipoulet.com";;"2021-06-02 12:57:41";"2021-06-02 12:57:41"
"87209";"2021-06-02";"1";"24";;"47";"18";"80901";"1";"2";"0";"7672";;;"Activo";"yeselith.almanza@avipoulet.com";;"2021-06-02 12:57:41";"2021-06-02 12:57:41"
"87210";"2021-06-02";"1";"24";;"47";"18";"80849";"1";"2";"0";"16530";;;"Activo";"yeselith.almanza@avipoulet.com";;"2021-06-02 12:57:42";"2021-06-02 12:57:42"
"87211";"2021-06-02";"1";"24";;"47";"18";"80902";"1";"2";"0";"11445";;;"Activo";"yeselith.almanza@avipoulet.com";;"2021-06-02 12:57:42";"2021-06-02 12:57:42"
"87212";"2021-06-02";"1";"24";;"47";"18";"80850";"1";"2";"0";"10710";;;"Activo";"yeselith.almanza@avipoulet.com";;"2021-06-02 12:57:42";"2021-06-02 12:57:42"
"87213";"2021-06-02";"1";"24";;"47";"18";"80903";"1";"2";"0";"10925";;;"Activo";"yeselith.almanza@avipoulet.com";;"2021-06-02 12:57:42";"2021-06-02 12:57:42"
"87214";"2021-06-02";"1";"24";;"47";"18";"80851";"1";"2";"0";"6900";;;"Activo";"yeselith.almanza@avipoulet.com";;"2021-06-02 12:57:43";"2021-06-02 12:57:43"
"87215";"2021-06-02";"1";"24";;"47";"18";"80904";"1";"2";"0";"16095";;;"Activo";"yeselith.almanza@avipoulet.com";;"2021-06-02 12:57:43";"2021-06-02 12:57:43"
"87216";"2021-06-02";"1";"24";;"47";"18";"80852";"1";"2";"0";"27010";;;"Activo";"yeselith.almanza@avipoulet.com";;"2021-06-02 12:57:43";"2021-06-02 12:57:43"
"87217";"2021-06-02";"1";"24";;"47";"18";"80905";"1";"2";"0";"53426";;;"Activo";"yeselith.almanza@avipoulet.com";;"2021-06-02 12:57:43";"2021-06-02 12:57:43"
"87218";"2021-06-02";"1";"24";;"47";"18";"80853";"1";"2";"0";"14868";;;"Activo";"yeselith.almanza@avipoulet.com";;"2021-06-02 12:57:44";"2021-06-02 12:57:44"
"87219";"2021-06-02";"1";"24";;"47";"18";"80906";"1";"2";"0";"12445";;;"Activo";"yeselith.almanza@avipoulet.com";;"2021-06-02 12:57:44";"2021-06-02 12:57:44"
"87220";"2021-06-02";"1";"24";;"47";"18";"80854";"1";"2";"0";"17588";;;"Activo";"yeselith.almanza@avipoulet.com";;"2021-06-02 12:57:44";"2021-06-02 12:57:44"
"87221";"2021-06-02";"1";"24";;"47";"18";"80907";"1";"2";"0";"63204";;;"Activo";"yeselith.almanza@avipoulet.com";;"2021-06-02 12:57:44";"2021-06-02 12:57:44"
"87222";"2021-06-02";"1";"24";;"47";"18";"80855";"1";"2";"0";"109250";;;"Activo";"yeselith.almanza@avipoulet.com";;"2021-06-02 12:57:44";"2021-06-02 12:57:44"
"87223";"2021-06-02";"1";"24";;"47";"18";"80908";"1";"2";"0";"15200";;;"Activo";"yeselith.almanza@avipoulet.com";;"2021-06-02 12:57:45";"2021-06-02 12:57:45"
"87224";"2021-06-02";"1";"24";;"47";"18";"80856";"1";"2";"0";"8085";;;"Activo";"yeselith.almanza@avipoulet.com";;"2021-06-02 12:57:45";"2021-06-02 12:57:45"
"87225";"2021-06-02";"1";"24";;"47";"18";"80909";"1";"2";"0";"30915";;;"Activo";"yeselith.almanza@avipoulet.com";;"2021-06-02 12:57:45";"2021-06-02 12:57:45"
"87226";"2021-06-02";"1";"24";;"47";"18";"80857";"1";"2";"0";"15960";;;"Activo";"yeselith.almanza@avipoulet.com";;"2021-06-02 12:57:45";"2021-06-02 12:57:45"
"87227";"2021-06-02";"1";"24";;"47";"18";"80910";"1";"2";"0";"29405";;;"Activo";"yeselith.almanza@avipoulet.com";;"2021-06-02 12:57:46";"2021-06-02 12:57:46"
"87228";"2021-06-02";"1";"24";;"47";"18";"80858";"1";"2";"0";"13125";;;"Activo";"yeselith.almanza@avipoulet.com";;"2021-06-02 12:57:46";"2021-06-02 12:57:46"
"87229";"2021-06-02";"1";"24";;"47";"18";"80911";"1";"2";"0";"9500";;;"Activo";"yeselith.almanza@avipoulet.com";;"2021-06-02 12:57:46";"2021-06-02 12:57:46"
"87230";"2021-06-02";"1";"24";;"47";"18";"80859";"1";"2";"0";"11643";;;"Activo";"yeselith.almanza@avipoulet.com";;"2021-06-02 12:57:46";"2021-06-02 12:57:46"
"87231";"2021-06-02";"1";"24";;"47";"18";"80912";"1";"2";"0";"16000";;;"Activo";"yeselith.almanza@avipoulet.com";;"2021-06-02 12:57:46";"2021-06-02 12:57:46"
"87232";"2021-06-02";"1";"24";;"47";"18";"80861";"1";"2";"0";"6250";;;"Activo";"yeselith.almanza@avipoulet.com";;"2021-06-02 12:57:47";"2021-06-02 12:57:47"
"87233";"2021-06-02";"1";"24";;"47";"18";"80913";"1";"2";"0";"5400";;;"Activo";"yeselith.almanza@avipoulet.com";;"2021-06-02 12:57:47";"2021-06-02 12:57:47"
"87234";"2021-06-02";"1";"24";;"47";"18";"80862";"1";"2";"0";"8225";;;"Activo";"yeselith.almanza@avipoulet.com";;"2021-06-02 12:57:47";"2021-06-02 12:57:47"
"87235";"2021-06-02";"1";"24";;"47";"18";"80916";"1";"2";"0";"30500";;;"Activo";"yeselith.almanza@avipoulet.com";;"2021-06-02 12:57:47";"2021-06-02 12:57:47"
"87236";"2021-06-02";"1";"24";;"47";"18";"80863";"1";"2";"0";"48983";;;"Activo";"yeselith.almanza@avipoulet.com";;"2021-06-02 12:57:48";"2021-06-02 12:57:48"
"87237";"2021-06-02";"1";"24";;"47";"18";"80917";"1";"2";"0";"57143";;"SERGIO";"Activo";"yeselith.almanza@avipoulet.com";;"2021-06-02 12:57:48";"2021-06-02 12:57:48"
"87238";"2021-06-02";"1";"24";;"47";"18";"80864";"1";"2";"0";"18165";;;"Activo";"yeselith.almanza@avipoulet.com";;"2021-06-02 12:57:48";"2021-06-02 12:57:48"
"87239";"2021-06-02";"1";"24";;"47";"18";"80918";"1";"2";"0";"22520";;;"Activo";"yeselith.almanza@avipoulet.com";;"2021-06-02 12:57:48";"2021-06-02 12:57:48"
"87240";"2021-06-02";"1";"24";;"47";"18";"80865";"1";"2";"0";"19000";;;"Activo";"yeselith.almanza@avipoulet.com";;"2021-06-02 12:57:49";"2021-06-02 12:57:49"
"87241";"2021-06-02";"1";"24";;"47";"18";"80919";"1";"2";"0";"2800";;;"Activo";"yeselith.almanza@avipoulet.com";;"2021-06-02 12:57:49";"2021-06-02 12:57:49"
"87242";"2021-06-02";"1";"24";;"47";"18";"80866";"1";"2";"0";"18000";;;"Activo";"yeselith.almanza@avipoulet.com";;"2021-06-02 12:57:49";"2021-06-02 12:57:49"
"87243";"2021-06-02";"1";"24";;"47";"18";"80920";"1";"2";"0";"14924";;;"Activo";"yeselith.almanza@avipoulet.com";;"2021-06-02 12:57:49";"2021-06-02 12:57:49"
"87244";"2021-06-02";"1";"24";;"47";"18";"80867";"1";"2";"0";"10080";;;"Activo";"yeselith.almanza@avipoulet.com";;"2021-06-02 12:57:50";"2021-06-02 12:57:50"
"87245";"2021-06-02";"1";"24";;"47";"18";"80921";"1";"2";"0";"34067";;;"Activo";"yeselith.almanza@avipoulet.com";;"2021-06-02 12:57:50";"2021-06-02 12:57:50"
"87246";"2021-06-02";"1";"24";;"47";"18";"80868";"1";"2";"0";"15725";;;"Activo";"yeselith.almanza@avipoulet.com";;"2021-06-02 12:57:50";"2021-06-02 12:57:50"
"87247";"2021-06-02";"1";"24";;"47";"18";"80922";"1";"2";"0";"16924";;;"Activo";"yeselith.almanza@avipoulet.com";;"2021-06-02 12:57:50";"2021-06-02 12:57:50"
"87248";"2021-06-02";"1";"24";;"47";"18";"80869";"1";"2";"0";"3800";;;"Activo";"yeselith.almanza@avipoulet.com";;"2021-06-02 12:57:50";"2021-06-02 12:57:50"
"87249";"2021-06-02";"1";"24";;"47";"18";"80924";"1";"2";"0";"17114";;;"Activo";"yeselith.almanza@avipoulet.com";;"2021-06-02 12:57:51";"2021-06-02 12:57:51"
"87250";"2021-06-02";"1";"24";;"47";"18";"80870";"1";"2";"0";"2000";;;"Activo";"yeselith.almanza@avipoulet.com";;"2021-06-02 12:57:51";"2021-06-02 12:57:51"
"87251";"2021-06-02";"1";"24";;"47";"18";"80925";"1";"2";"0";"13463";;;"Activo";"yeselith.almanza@avipoulet.com";;"2021-06-02 12:57:51";"2021-06-02 12:57:51"
"87252";"2021-06-02";"1";"24";;"47";"18";"80871";"1";"2";"0";"11760";;;"Activo";"yeselith.almanza@avipoulet.com";;"2021-06-02 12:57:51";"2021-06-02 12:57:51"
"87253";"2021-06-02";"1";"24";;"47";"18";"80927";"1";"2";"0";"30300";;;"Activo";"yeselith.almanza@avipoulet.com";;"2021-06-02 12:57:51";"2021-06-02 12:57:51"
"87254";"2021-06-02";"1";"24";;"47";"18";"80872";"1";"2";"0";"4000";;;"Activo";"yeselith.almanza@avipoulet.com";;"2021-06-02 12:57:52";"2021-06-02 12:57:52"
"87255";"2021-06-02";"1";"24";;"47";"18";"80928";"1";"2";"0";"9185";;;"Activo";"yeselith.almanza@avipoulet.com";;"2021-06-02 12:57:52";"2021-06-02 12:57:52"
"87256";"2021-06-02";"1";"24";;"47";"18";"80873";"1";"2";"0";"2000";;;"Activo";"yeselith.almanza@avipoulet.com";;"2021-06-02 12:57:52";"2021-06-02 12:57:52"
"87257";"2021-06-02";"1";"24";;"47";"18";"80930";"1";"2";"0";"50235";;;"Activo";"yeselith.almanza@avipoulet.com";;"2021-06-02 12:57:52";"2021-06-02 12:57:52"
"87258";"2021-06-02";"1";"24";;"47";"18";"80874";"1";"2";"0";"62631";;;"Activo";"yeselith.almanza@avipoulet.com";;"2021-06-02 12:57:53";"2021-06-02 12:57:53"
"87259";"2021-06-02";"1";"24";;"47";"18";"80931";"1";"2";"0";"7458";;;"Activo";"yeselith.almanza@avipoulet.com";;"2021-06-02 12:57:53";"2021-06-02 12:57:53"
"87260";"2021-06-02";"1";"24";;"47";"18";"80875";"1";"2";"0";"14504";;;"Activo";"yeselith.almanza@avipoulet.com";;"2021-06-02 12:57:53";"2021-06-02 12:57:53"
"87261";"2021-06-02";"1";"24";;"47";"18";"80933";"1";"2";"0";"14510";;;"Activo";"yeselith.almanza@avipoulet.com";;"2021-06-02 12:57:53";"2021-06-02 12:57:53"
"87262";"2021-06-02";"1";"24";;"47";"18";"80876";"1";"2";"0";"3500";;;"Activo";"yeselith.almanza@avipoulet.com";;"2021-06-02 12:57:53";"2021-06-02 12:57:53"
"87263";"2021-06-02";"1";"24";;"47";"18";"80934";"1";"2";"0";"32110";;;"Activo";"yeselith.almanza@avipoulet.com";;"2021-06-02 12:57:54";"2021-06-02 12:57:54"
"87264";"2021-06-02";"1";"24";;"47";"18";"80877";"1";"2";"0";"41525";;;"Activo";"yeselith.almanza@avipoulet.com";;"2021-06-02 12:57:54";"2021-06-02 12:57:54"
"87265";"2021-06-02";"1";"24";;"47";"18";"80935";"1";"2";"0";"8693";;;"Activo";"yeselith.almanza@avipoulet.com";;"2021-06-02 12:57:54";"2021-06-02 12:57:54"
"87266";"2021-06-02";"1";"24";;"47";"18";"80878";"1";"2";"0";"4000";;;"Activo";"yeselith.almanza@avipoulet.com";;"2021-06-02 12:57:54";"2021-06-02 12:57:54"
"87267";"2021-06-02";"1";"24";;"47";"18";"80936";"1";"2";"0";"4000";;;"Activo";"yeselith.almanza@avipoulet.com";;"2021-06-02 12:57:54";"2021-06-02 12:57:54"
"87268";"2021-06-02";"1";"24";;"47";"18";"80880";"1";"2";"0";"65708";;;"Activo";"yeselith.almanza@avipoulet.com";;"2021-06-02 12:57:55";"2021-06-02 12:57:55"
"87269";"2021-06-02";"1";"24";;"47";"18";"80937";"1";"2";"0";"26992";;;"Activo";"yeselith.almanza@avipoulet.com";;"2021-06-02 12:57:55";"2021-06-02 12:57:55"
"87270";"2021-06-02";"1";"24";;"47";"18";"80882";"1";"2";"0";"41170";;;"Activo";"yeselith.almanza@avipoulet.com";;"2021-06-02 12:57:55";"2021-06-02 12:57:55"
"87271";"2021-06-02";"1";"24";;"47";"18";"80938";"1";"2";"0";"18335";;;"Activo";"yeselith.almanza@avipoulet.com";;"2021-06-02 12:57:55";"2021-06-02 12:57:55"
"87272";"2021-06-02";"1";"24";;"47";"18";"80884";"1";"2";"0";"9870";;;"Activo";"yeselith.almanza@avipoulet.com";;"2021-06-02 12:57:55";"2021-06-02 12:57:55"
"87273";"2021-06-02";"1";"24";;"47";"18";"80939";"1";"2";"0";"7000";;;"Activo";"yeselith.almanza@avipoulet.com";;"2021-06-02 12:57:56";"2021-06-02 12:57:56"
"87274";"2021-06-02";"1";"24";;"47";"18";"80885";"1";"2";"0";"8888";;;"Activo";"yeselith.almanza@avipoulet.com";;"2021-06-02 12:57:56";"2021-06-02 12:57:56"
"87275";"2021-06-02";"1";"24";;"47";"18";"80940";"1";"2";"0";"5000";;;"Activo";"yeselith.almanza@avipoulet.com";;"2021-06-02 12:57:56";"2021-06-02 12:57:56"
"87276";"2021-06-02";"1";"24";;"47";"18";"80886";"1";"2";"0";"22291";;"SÑRA DE LA LISA";"Activo";"yeselith.almanza@avipoulet.com";;"2021-06-02 12:57:56";"2021-06-02 12:57:56"
"87277";"2021-06-02";"1";"24";;"47";"18";"80941";"1";"2";"0";"4000";;;"Activo";"yeselith.almanza@avipoulet.com";;"2021-06-02 12:57:57";"2021-06-02 12:57:57"
"87278";"2021-06-02";"1";"24";;"47";"18";"80887";"1";"2";"0";"4000";;;"Activo";"yeselith.almanza@avipoulet.com";;"2021-06-02 12:57:57";"2021-06-02 12:57:57"
"87279";"2021-06-02";"1";"24";;"47";"18";"80942";"1";"2";"0";"16000";;;"Activo";"yeselith.almanza@avipoulet.com";;"2021-06-02 12:57:57";"2021-06-02 12:57:57"
"87280";"2021-06-02";"1";"24";;"47";"18";"80888";"1";"2";"0";"13000";;;"Activo";"yeselith.almanza@avipoulet.com";;"2021-06-02 12:57:57";"2021-06-02 12:57:57"
"87281";"2021-06-02";"1";"24";;"47";"18";"80889";"1";"2";"0";"123840";;;"Activo";"yeselith.almanza@avipoulet.com";;"2021-06-02 12:57:58";"2021-06-02 12:57:58"
"87282";"2021-06-02";"1";"24";;"47";"18";"80943";"1";"2";"0";"7458";;;"Activo";"yeselith.almanza@avipoulet.com";;"2021-06-02 12:57:58";"2021-06-02 12:57:58"
"87283";"2021-06-02";"1";"24";;"47";"18";"80890";"1";"2";"0";"13658";;;"Activo";"yeselith.almanza@avipoulet.com";;"2021-06-02 12:57:58";"2021-06-02 12:57:58"
"87284";"2021-06-02";"1";"24";;"47";"18";"80944";"1";"2";"0";"95455";;;"Activo";"yeselith.almanza@avipoulet.com";;"2021-06-02 12:57:59";"2021-06-02 12:57:59"
"87285";"2021-06-02";"1";"24";;"47";"18";"80891";"1";"2";"0";"7975";;;"Activo";"yeselith.almanza@avipoulet.com";;"2021-06-02 12:57:59";"2021-06-02 12:57:59"
"87286";"2021-06-02";"1";"24";;"47";"18";"80946";"1";"2";"0";"71458";;;"Activo";"yeselith.almanza@avipoulet.com";;"2021-06-02 12:57:59";"2021-06-02 12:57:59"
"87287";"2021-06-02";"1";"24";;"47";"18";"80892";"1";"2";"0";"3696";;;"Activo";"yeselith.almanza@avipoulet.com";;"2021-06-02 12:57:59";"2021-06-02 12:57:59"
"87288";"2021-06-02";"1";"24";;"47";"18";"80948";"1";"2";"0";"10670";;;"Activo";"yeselith.almanza@avipoulet.com";;"2021-06-02 12:58:00";"2021-06-02 12:58:00"
"87289";"2021-06-02";"1";"24";;"47";"18";"80893";"1";"2";"0";"34028";;;"Activo";"yeselith.almanza@avipoulet.com";;"2021-06-02 12:58:00";"2021-06-02 12:58:00"
"87290";"2021-06-02";"1";"24";;"47";"18";"80949";"1";"2";"0";"14725";;;"Activo";"yeselith.almanza@avipoulet.com";;"2021-06-02 12:58:00";"2021-06-02 12:58:00"
"87291";"2021-06-02";"1";"24";;"47";"18";"80894";"1";"2";"0";"20105";;;"Activo";"yeselith.almanza@avipoulet.com";;"2021-06-02 12:58:00";"2021-06-02 12:58:00"
"87292";"2021-06-02";"1";"24";;"47";"18";"80950";"1";"2";"0";"57005";;;"Activo";"yeselith.almanza@avipoulet.com";;"2021-06-02 12:58:00";"2021-06-02 12:58:00"
"87293";"2021-06-02";"1";"24";;"47";"18";"80895";"1";"2";"0";"3990";;;"Activo";"yeselith.almanza@avipoulet.com";;"2021-06-02 12:58:01";"2021-06-02 12:58:01"
"87294";"2021-06-02";"1";"24";;"47";"18";"80951";"1";"2";"0";"16665";;;"Activo";"yeselith.almanza@avipoulet.com";;"2021-06-02 12:58:01";"2021-06-02 12:58:01"
"87295";"2021-06-02";"1";"24";;"47";"18";"80896";"1";"2";"0";"26932";;;"Activo";"yeselith.almanza@avipoulet.com";;"2021-06-02 12:58:01";"2021-06-02 12:58:01"
"87296";"2021-06-02";"1";"24";;"47";"18";"80953";"1";"2";"0";"8365";;;"Activo";"yeselith.almanza@avipoulet.com";;"2021-06-02 12:58:01";"2021-06-02 12:58:01"
"87297";"2021-06-02";"1";"24";;"47";"18";"80897";"1";"2";"0";"28607";;;"Activo";"yeselith.almanza@avipoulet.com";;"2021-06-02 12:58:02";"2021-06-02 12:58:02"
"87298";"2021-06-02";"1";"24";;"47";"18";"80955";"1";"2";"0";"14980";;;"Activo";"yeselith.almanza@avipoulet.com";;"2021-06-02 12:58:02";"2021-06-02 12:58:02"
"87299";"2021-06-02";"1";"24";;"47";"18";"80898";"1";"2";"0";"7470";;;"Activo";"yeselith.almanza@avipoulet.com";;"2021-06-02 12:58:02";"2021-06-02 12:58:02"
"87300";"2021-06-02";"1";"24";;"47";"18";"80956";"1";"2";"0";"27265";;;"Activo";"yeselith.almanza@avipoulet.com";;"2021-06-02 12:58:02";"2021-06-02 12:58:02"
"87301";"2021-06-02";"1";"24";;"47";"18";"80899";"1";"2";"0";"54151";;;"Activo";"yeselith.almanza@avipoulet.com";;"2021-06-02 12:58:03";"2021-06-02 12:58:03"
"87302";"2021-06-02";"1";"24";;"47";"18";"80957";"1";"2";"0";"29195";;;"Activo";"yeselith.almanza@avipoulet.com";;"2021-06-02 12:58:03";"2021-06-02 12:58:03"
"87303";"2021-06-02";"1";"24";;"47";"18";"80900";"1";"2";"0";"11922";;;"Activo";"yeselith.almanza@avipoulet.com";;"2021-06-02 12:58:03";"2021-06-02 12:58:03"
"87304";"2021-06-02";"1";"24";;"47";"18";"80958";"1";"2";"0";"6360";;;"Activo";"yeselith.almanza@avipoulet.com";;"2021-06-02 12:58:03";"2021-06-02 12:58:03"
"87305";"2021-06-02";"1";"24";;"47";"18";"80901";"1";"2";"0";"7672";;;"Activo";"yeselith.almanza@avipoulet.com";;"2021-06-02 12:58:04";"2021-06-02 12:58:04"
"87306";"2021-06-02";"1";"24";;"47";"18";"80959";"1";"2";"0";"6808";;;"Activo";"yeselith.almanza@avipoulet.com";;"2021-06-02 12:58:04";"2021-06-02 12:58:04"
"87307";"2021-06-02";"1";"24";;"47";"18";"80902";"1";"2";"0";"11445";;;"Activo";"yeselith.almanza@avipoulet.com";;"2021-06-02 12:58:04";"2021-06-02 12:58:04"
"87308";"2021-06-02";"1";"24";;"47";"18";"80960";"1";"2";"0";"15400";;;"Activo";"yeselith.almanza@avipoulet.com";;"2021-06-02 12:58:04";"2021-06-02 12:58:04"
"87309";"2021-06-02";"1";"24";;"47";"18";"80903";"1";"2";"0";"10925";;;"Activo";"yeselith.almanza@avipoulet.com";;"2021-06-02 12:58:05";"2021-06-02 12:58:05"
"87310";"2021-06-02";"1";"24";;"47";"18";"80961";"1";"2";"0";"6000";;;"Activo";"yeselith.almanza@avipoulet.com";;"2021-06-02 12:58:05";"2021-06-02 12:58:05"
"87311";"2021-06-02";"1";"24";;"47";"18";"80904";"1";"2";"0";"16095";;;"Activo";"yeselith.almanza@avipoulet.com";;"2021-06-02 12:58:05";"2021-06-02 12:58:05"
"87312";"2021-06-02";"1";"24";;"47";"18";"80962";"1";"2";"0";"74230";;;"Activo";"yeselith.almanza@avipoulet.com";;"2021-06-02 12:58:05";"2021-06-02 12:58:05"
"87313";"2021-06-02";"1";"24";;"47";"18";"80905";"1";"2";"0";"53426";;;"Activo";"yeselith.almanza@avipoulet.com";;"2021-06-02 12:58:06";"2021-06-02 12:58:06"
"87314";"2021-06-02";"1";"24";;"47";"18";"80963";"1";"2";"0";"10415";;;"Activo";"yeselith.almanza@avipoulet.com";;"2021-06-02 12:58:06";"2021-06-02 12:58:06"
"87315";"2021-06-02";"1";"24";;"47";"18";"80906";"1";"2";"0";"12445";;;"Activo";"yeselith.almanza@avipoulet.com";;"2021-06-02 12:58:06";"2021-06-02 12:58:06"
"87316";"2021-06-02";"1";"24";;"47";"18";"80964";"1";"2";"0";"11500";;;"Activo";"yeselith.almanza@avipoulet.com";;"2021-06-02 12:58:06";"2021-06-02 12:58:06"
"87317";"2021-06-02";"1";"24";;"47";"18";"80907";"1";"2";"0";"63204";;;"Activo";"yeselith.almanza@avipoulet.com";;"2021-06-02 12:58:07";"2021-06-02 12:58:07"
"87318";"2021-06-02";"1";"24";;"47";"18";"80965";"1";"2";"0";"16000";;;"Activo";"yeselith.almanza@avipoulet.com";;"2021-06-02 12:58:07";"2021-06-02 12:58:07"
"87319";"2021-06-02";"1";"24";;"47";"18";"80908";"1";"2";"0";"15200";;;"Activo";"yeselith.almanza@avipoulet.com";;"2021-06-02 12:58:07";"2021-06-02 12:58:07"
"87320";"2021-06-02";"1";"24";;"47";"18";"80967";"1";"2";"0";"37120";;;"Activo";"yeselith.almanza@avipoulet.com";;"2021-06-02 12:58:07";"2021-06-02 12:58:07"
"87321";"2021-06-02";"1";"24";;"47";"18";"80909";"1";"2";"0";"30915";;;"Activo";"yeselith.almanza@avipoulet.com";;"2021-06-02 12:58:07";"2021-06-02 12:58:07"
"87322";"2021-06-02";"1";"24";;"47";"18";"80968";"1";"2";"0";"4900";;;"Activo";"yeselith.almanza@avipoulet.com";;"2021-06-02 12:58:08";"2021-06-02 12:58:08"
"87323";"2021-06-02";"1";"24";;"47";"18";"80910";"1";"2";"0";"29405";;;"Activo";"yeselith.almanza@avipoulet.com";;"2021-06-02 12:58:08";"2021-06-02 12:58:08"
"87324";"2021-06-02";"1";"24";;"47";"18";"80969";"1";"2";"0";"16034";;;"Activo";"yeselith.almanza@avipoulet.com";;"2021-06-02 12:58:08";"2021-06-02 12:58:08"
"87325";"2021-06-02";"1";"24";;"47";"18";"80911";"1";"2";"0";"9500";;;"Activo";"yeselith.almanza@avipoulet.com";;"2021-06-02 12:58:08";"2021-06-02 12:58:08"
"87326";"2021-06-02";"1";"24";;"47";"18";"80970";"1";"2";"0";"40320";;;"Activo";"yeselith.almanza@avipoulet.com";;"2021-06-02 12:58:08";"2021-06-02 12:58:08"
"87327";"2021-06-02";"1";"24";;"47";"18";"80912";"1";"2";"0";"16000";;;"Activo";"yeselith.almanza@avipoulet.com";;"2021-06-02 12:58:09";"2021-06-02 12:58:09"
"87328";"2021-06-02";"1";"24";;"47";"18";"80971";"1";"2";"0";"38825";;;"Activo";"yeselith.almanza@avipoulet.com";;"2021-06-02 12:58:09";"2021-06-02 12:58:09"
"87329";"2021-06-02";"1";"24";;"47";"18";"80913";"1";"2";"0";"5400";;;"Activo";"yeselith.almanza@avipoulet.com";;"2021-06-02 12:58:09";"2021-06-02 12:58:09"
"87330";"2021-06-02";"1";"24";;"47";"18";"80973";"1";"2";"0";"20520";;;"Activo";"yeselith.almanza@avipoulet.com";;"2021-06-02 12:58:09";"2021-06-02 12:58:09"
"87331";"2021-06-02";"1";"24";;"47";"18";"80916";"1";"2";"0";"30500";;;"Activo";"yeselith.almanza@avipoulet.com";;"2021-06-02 12:58:10";"2021-06-02 12:58:10"
"87332";"2021-06-02";"1";"24";;"47";"18";"80974";"1";"2";"0";"7930";;;"Activo";"yeselith.almanza@avipoulet.com";;"2021-06-02 12:58:10";"2021-06-02 12:58:10"
"87333";"2021-06-02";"1";"24";;"47";"18";"80917";"1";"2";"0";"57143";;"SERGIO";"Activo";"yeselith.almanza@avipoulet.com";;"2021-06-02 12:58:10";"2021-06-02 12:58:10"
"87334";"2021-06-02";"1";"24";;"47";"18";"80975";"1";"2";"0";"5800";;;"Activo";"yeselith.almanza@avipoulet.com";;"2021-06-02 12:58:10";"2021-06-02 12:58:10"
"87335";"2021-06-02";"1";"24";;"47";"18";"80918";"1";"2";"0";"22520";;;"Activo";"yeselith.almanza@avipoulet.com";;"2021-06-02 12:58:10";"2021-06-02 12:58:10"
"87336";"2021-06-02";"1";"24";;"47";"18";"80976";"1";"2";"0";"5400";;;"Activo";"yeselith.almanza@avipoulet.com";;"2021-06-02 12:58:11";"2021-06-02 12:58:11"
"87337";"2021-06-02";"1";"24";;"47";"18";"80919";"1";"2";"0";"2800";;;"Activo";"yeselith.almanza@avipoulet.com";;"2021-06-02 12:58:11";"2021-06-02 12:58:11"
"87338";"2021-06-02";"1";"24";;"47";"18";"80977";"1";"2";"0";"37320";;;"Activo";"yeselith.almanza@avipoulet.com";;"2021-06-02 12:58:11";"2021-06-02 12:58:11"
"87339";"2021-06-02";"1";"24";;"47";"18";"80920";"1";"2";"0";"14924";;;"Activo";"yeselith.almanza@avipoulet.com";;"2021-06-02 12:58:11";"2021-06-02 12:58:11"
"87340";"2021-06-02";"1";"24";;"47";"18";"80978";"1";"2";"0";"19970";;;"Activo";"yeselith.almanza@avipoulet.com";;"2021-06-02 12:58:12";"2021-06-02 12:58:12"
"87341";"2021-06-02";"1";"24";;"47";"18";"80921";"1";"2";"0";"34067";;;"Activo";"yeselith.almanza@avipoulet.com";;"2021-06-02 12:58:12";"2021-06-02 12:58:12"
"87342";"2021-06-02";"1";"24";;"47";"18";"80979";"1";"2";"0";"28985";;;"Activo";"yeselith.almanza@avipoulet.com";;"2021-06-02 12:58:12";"2021-06-02 12:58:12"
"87343";"2021-06-02";"1";"24";;"47";"18";"80922";"1";"2";"0";"16924";;;"Activo";"yeselith.almanza@avipoulet.com";;"2021-06-02 12:58:12";"2021-06-02 12:58:12"
"87344";"2021-06-02";"1";"24";;"47";"18";"80981";"1";"2";"0";"3960";;;"Activo";"yeselith.almanza@avipoulet.com";;"2021-06-02 12:58:12";"2021-06-02 12:58:12"
"87345";"2021-06-02";"1";"24";;"47";"18";"80924";"1";"2";"0";"17114";;;"Activo";"yeselith.almanza@avipoulet.com";;"2021-06-02 12:58:13";"2021-06-02 12:58:13"
"87346";"2021-06-02";"1";"24";;"47";"18";"80982";"1";"2";"0";"18788";;;"Activo";"yeselith.almanza@avipoulet.com";;"2021-06-02 12:58:13";"2021-06-02 12:58:13"
"87347";"2021-06-02";"1";"24";;"47";"18";"80925";"1";"2";"0";"13463";;;"Activo";"yeselith.almanza@avipoulet.com";;"2021-06-02 12:58:13";"2021-06-02 12:58:13"
"87348";"2021-06-02";"1";"24";;"47";"18";"80927";"1";"2";"0";"30300";;;"Activo";"yeselith.almanza@avipoulet.com";;"2021-06-02 12:58:13";"2021-06-02 12:58:13"
"87349";"2021-06-02";"1";"24";;"47";"18";"80928";"1";"2";"0";"9185";;;"Activo";"yeselith.almanza@avipoulet.com";;"2021-06-02 12:58:14";"2021-06-02 12:58:14"
"87350";"2021-06-02";"1";"24";;"47";"18";"80930";"1";"2";"0";"50235";;;"Activo";"yeselith.almanza@avipoulet.com";;"2021-06-02 12:58:14";"2021-06-02 12:58:14"
"87351";"2021-06-02";"1";"24";;"47";"18";"80931";"1";"2";"0";"7458";;;"Activo";"yeselith.almanza@avipoulet.com";;"2021-06-02 12:58:15";"2021-06-02 12:58:15"
"87352";"2021-06-02";"1";"24";;"47";"18";"80933";"1";"2";"0";"14510";;;"Activo";"yeselith.almanza@avipoulet.com";;"2021-06-02 12:58:15";"2021-06-02 12:58:15"
"87353";"2021-06-02";"1";"24";;"47";"18";"80934";"1";"2";"0";"32110";;;"Activo";"yeselith.almanza@avipoulet.com";;"2021-06-02 12:58:16";"2021-06-02 12:58:16"
"87354";"2021-06-02";"1";"24";;"47";"18";"80935";"1";"2";"0";"8693";;;"Activo";"yeselith.almanza@avipoulet.com";;"2021-06-02 12:58:16";"2021-06-02 12:58:16"
"87355";"2021-06-02";"1";"24";;"47";"18";"80936";"1";"2";"0";"4000";;;"Activo";"yeselith.almanza@avipoulet.com";;"2021-06-02 12:58:17";"2021-06-02 12:58:17"
"87356";"2021-06-02";"1";"24";;"47";"18";"80937";"1";"2";"0";"26992";;;"Activo";"yeselith.almanza@avipoulet.com";;"2021-06-02 12:58:17";"2021-06-02 12:58:17"
"87357";"2021-06-02";"1";"24";;"47";"18";"80938";"1";"2";"0";"18335";;;"Activo";"yeselith.almanza@avipoulet.com";;"2021-06-02 12:58:18";"2021-06-02 12:58:18"
"87358";"2021-06-02";"1";"24";;"47";"18";"80939";"1";"2";"0";"7000";;;"Activo";"yeselith.almanza@avipoulet.com";;"2021-06-02 12:58:18";"2021-06-02 12:58:18"
"87359";"2021-06-02";"1";"24";;"47";"18";"80940";"1";"2";"0";"5000";;;"Activo";"yeselith.almanza@avipoulet.com";;"2021-06-02 12:58:19";"2021-06-02 12:58:19"
"87360";"2021-06-02";"1";"24";;"47";"18";"80941";"1";"2";"0";"4000";;;"Activo";"yeselith.almanza@avipoulet.com";;"2021-06-02 12:58:19";"2021-06-02 12:58:19"
"87361";"2021-06-02";"1";"24";;"47";"18";"80942";"1";"2";"0";"16000";;;"Activo";"yeselith.almanza@avipoulet.com";;"2021-06-02 12:58:20";"2021-06-02 12:58:20"
"87362";"2021-06-02";"1";"24";;"47";"18";"80943";"1";"2";"0";"7458";;;"Activo";"yeselith.almanza@avipoulet.com";;"2021-06-02 12:58:20";"2021-06-02 12:58:20"
"87363";"2021-06-02";"1";"24";;"47";"18";"80944";"1";"2";"0";"95455";;;"Activo";"yeselith.almanza@avipoulet.com";;"2021-06-02 12:58:20";"2021-06-02 12:58:20"
"87364";"2021-06-02";"1";"24";;"47";"18";"80946";"1";"2";"0";"71458";;;"Activo";"yeselith.almanza@avipoulet.com";;"2021-06-02 12:58:21";"2021-06-02 12:58:21"
"87365";"2021-06-02";"1";"24";;"47";"18";"80948";"1";"2";"0";"10670";;;"Activo";"yeselith.almanza@avipoulet.com";;"2021-06-02 12:58:21";"2021-06-02 12:58:21"
"87366";"2021-06-02";"1";"24";;"47";"18";"80949";"1";"2";"0";"14725";;;"Activo";"yeselith.almanza@avipoulet.com";;"2021-06-02 12:58:22";"2021-06-02 12:58:22"
"87367";"2021-06-02";"1";"24";;"47";"18";"80950";"1";"2";"0";"57005";;;"Activo";"yeselith.almanza@avipoulet.com";;"2021-06-02 12:58:22";"2021-06-02 12:58:22"
"87368";"2021-06-02";"1";"24";;"47";"18";"80951";"1";"2";"0";"16665";;;"Activo";"yeselith.almanza@avipoulet.com";;"2021-06-02 12:58:23";"2021-06-02 12:58:23"
"87369";"2021-06-02";"1";"24";;"47";"18";"80953";"1";"2";"0";"8365";;;"Activo";"yeselith.almanza@avipoulet.com";;"2021-06-02 12:58:23";"2021-06-02 12:58:23"
"87370";"2021-06-02";"1";"24";;"47";"18";"80955";"1";"2";"0";"14980";;;"Activo";"yeselith.almanza@avipoulet.com";;"2021-06-02 12:58:24";"2021-06-02 12:58:24"
"87371";"2021-06-02";"1";"24";;"47";"18";"80956";"1";"2";"0";"27265";;;"Activo";"yeselith.almanza@avipoulet.com";;"2021-06-02 12:58:24";"2021-06-02 12:58:24"
"87372";"2021-06-02";"1";"24";;"47";"18";"80957";"1";"2";"0";"29195";;;"Activo";"yeselith.almanza@avipoulet.com";;"2021-06-02 12:58:25";"2021-06-02 12:58:25"
"87373";"2021-06-02";"1";"24";;"47";"18";"80958";"1";"2";"0";"6360";;;"Activo";"yeselith.almanza@avipoulet.com";;"2021-06-02 12:58:25";"2021-06-02 12:58:25"
"87374";"2021-06-02";"1";"24";;"47";"18";"80959";"1";"2";"0";"6808";;;"Activo";"yeselith.almanza@avipoulet.com";;"2021-06-02 12:58:26";"2021-06-02 12:58:26"
"87375";"2021-06-02";"1";"24";;"47";"18";"80960";"1";"2";"0";"15400";;;"Activo";"yeselith.almanza@avipoulet.com";;"2021-06-02 12:58:26";"2021-06-02 12:58:26"
"87376";"2021-06-02";"1";"24";;"47";"18";"80961";"1";"2";"0";"6000";;;"Activo";"yeselith.almanza@avipoulet.com";;"2021-06-02 12:58:26";"2021-06-02 12:58:26"
"87377";"2021-06-02";"1";"24";;"47";"18";"80962";"1";"2";"0";"74230";;;"Activo";"yeselith.almanza@avipoulet.com";;"2021-06-02 12:58:27";"2021-06-02 12:58:27"
"87378";"2021-06-02";"1";"24";;"47";"18";"80963";"1";"2";"0";"10415";;;"Activo";"yeselith.almanza@avipoulet.com";;"2021-06-02 12:58:27";"2021-06-02 12:58:27"
"87379";"2021-06-02";"1";"24";;"47";"18";"80964";"1";"2";"0";"11500";;;"Activo";"yeselith.almanza@avipoulet.com";;"2021-06-02 12:58:28";"2021-06-02 12:58:28"
"87380";"2021-06-02";"1";"24";;"47";"18";"80965";"1";"2";"0";"16000";;;"Activo";"yeselith.almanza@avipoulet.com";;"2021-06-02 12:58:28";"2021-06-02 12:58:28"
"87381";"2021-06-02";"1";"24";;"47";"18";"80967";"1";"2";"0";"37120";;;"Activo";"yeselith.almanza@avipoulet.com";;"2021-06-02 12:58:29";"2021-06-02 12:58:29"
"87382";"2021-06-02";"1";"24";;"47";"18";"80968";"1";"2";"0";"4900";;;"Activo";"yeselith.almanza@avipoulet.com";;"2021-06-02 12:58:29";"2021-06-02 12:58:29"
"87383";"2021-06-02";"1";"24";;"47";"18";"80969";"1";"2";"0";"16034";;;"Activo";"yeselith.almanza@avipoulet.com";;"2021-06-02 12:58:30";"2021-06-02 12:58:30"
"87384";"2021-06-02";"1";"24";;"47";"18";"80970";"1";"2";"0";"40320";;;"Activo";"yeselith.almanza@avipoulet.com";;"2021-06-02 12:58:30";"2021-06-02 12:58:30"
"87385";"2021-06-02";"1";"24";;"47";"18";"80971";"1";"2";"0";"38825";;;"Activo";"yeselith.almanza@avipoulet.com";;"2021-06-02 12:58:30";"2021-06-02 12:58:30"
"87386";"2021-06-02";"1";"24";;"47";"18";"80973";"1";"2";"0";"20520";;;"Activo";"yeselith.almanza@avipoulet.com";;"2021-06-02 12:58:31";"2021-06-02 12:58:31"
"87387";"2021-06-02";"1";"24";;"47";"18";"80974";"1";"2";"0";"7930";;;"Activo";"yeselith.almanza@avipoulet.com";;"2021-06-02 12:58:31";"2021-06-02 12:58:31"
"87388";"2021-06-02";"1";"24";;"47";"18";"80975";"1";"2";"0";"5800";;;"Activo";"yeselith.almanza@avipoulet.com";;"2021-06-02 12:58:32";"2021-06-02 12:58:32"
"87389";"2021-06-02";"1";"24";;"47";"18";"80976";"1";"2";"0";"5400";;;"Activo";"yeselith.almanza@avipoulet.com";;"2021-06-02 12:58:32";"2021-06-02 12:58:32"
"87390";"2021-06-02";"1";"24";;"47";"18";"80977";"1";"2";"0";"37320";;;"Activo";"yeselith.almanza@avipoulet.com";;"2021-06-02 12:58:33";"2021-06-02 12:58:33"
"87391";"2021-06-02";"1";"24";;"47";"18";"80978";"1";"2";"0";"19970";;;"Activo";"yeselith.almanza@avipoulet.com";;"2021-06-02 12:58:33";"2021-06-02 12:58:33"
"87392";"2021-06-02";"1";"24";;"47";"18";"80979";"1";"2";"0";"28985";;;"Activo";"yeselith.almanza@avipoulet.com";;"2021-06-02 12:58:34";"2021-06-02 12:58:34"
"87393";"2021-06-02";"1";"24";;"47";"18";"80981";"1";"2";"0";"3960";;;"Activo";"yeselith.almanza@avipoulet.com";;"2021-06-02 12:58:34";"2021-06-02 12:58:34"
"87394";"2021-06-02";"1";"24";;"47";"18";"80982";"1";"2";"0";"18788";;;"Activo";"yeselith.almanza@avipoulet.com";;"2021-06-02 12:58:35";"2021-06-02 12:58:35"
